2026-07-23 04:17:02 | INFO     | core.utils.logger:setup_logger:30 - Logger configured - level: INFO
2026-07-23 04:17:11 | ERROR    | __main__:<module>:117 - Erro fatal no bot
Traceback (most recent call last):

> File "C:\Users\JHONATA\bot-acess\run.py", line 113, in <module>
    asyncio.run(startup())
    │       │   └ <function startup at 0x00000217D3613530>
    │       └ <function run at 0x00000217D2B7E770>
    └ <module 'asyncio' from 'C:\\Python314\\Lib\\asyncio\\__init__.py'>

  File "C:\Python314\Lib\asyncio\runners.py", line 204, in run
    return runner.run(main)
           │      │   └ <coroutine object startup at 0x00000217D35D96C0>
           │      └ <function Runner.run at 0x00000217D2B7EB90>
           └ <asyncio.runners.Runner object at 0x00000217D35E0EC0>
  File "C:\Python314\Lib\asyncio\runners.py", line 127, in run
    return self._loop.run_until_complete(task)
           │    │                        └ <Task finished name='Task-1' coro=<startup() done, defined at C:\Users\JHONATA\bot-acess\run.py:61> exception=ModuleNotFoundE...
           │    └ None
           └ <asyncio.runners.Runner object at 0x00000217D35E0EC0>
  File "C:\Python314\Lib\asyncio\base_events.py", line 719, in run_until_complete
    return future.result()
           │      └ <method 'result' of '_asyncio.Task' objects>
           └ <Task finished name='Task-1' coro=<startup() done, defined at C:\Users\JHONATA\bot-acess\run.py:61> exception=ModuleNotFoundE...

  File "C:\Users\JHONATA\bot-acess\run.py", line 68, in startup
    from interfaces.telegram.bot import start_polling

  File "C:\Users\JHONATA\bot-acess\interfaces\telegram\bot.py", line 9, in <module>
    from interfaces.telegram.handlers.start import router as start_router

  File "C:\Users\JHONATA\bot-acess\interfaces\telegram\handlers\start.py", line 16, in <module>
    from interfaces.telegram.handlers.document import user_modes, user_emails

  File "C:\Users\JHONATA\bot-acess\interfaces\telegram\handlers\document.py", line 13, in <module>
    from core.orchestrator import process

  File "C:\Users\JHONATA\bot-acess\core\orchestrator.py", line 7, in <module>
    from core.agents.agente_unico import AgenteUnico

  File "C:\Users\JHONATA\bot-acess\core\agents\agente_unico.py", line 27, in <module>
    from core.utils.pdf_splitter import split_pdf

  File "C:\Users\JHONATA\bot-acess\core\utils\pdf_splitter.py", line 3, in <module>
    from pypdf import PdfReader, PdfWriter

ModuleNotFoundError: No module named 'pypdf'
2026-07-23 04:17:11 | INFO     | __main__:release_lock:56 - Lock released
2026-07-23 04:22:29 | INFO     | core.utils.logger:setup_logger:30 - Logger configured - level: INFO
2026-07-23 04:22:34 | ERROR    | __main__:<module>:117 - Erro fatal no bot
Traceback (most recent call last):

> File "C:\Users\JHONATA\bot-acess\run.py", line 113, in <module>
    asyncio.run(startup())
    │       │   └ <function startup at 0x000001FBA56D3E20>
    │       └ <function run at 0x000001FBA4BE2770>
    └ <module 'asyncio' from 'C:\\Python314\\Lib\\asyncio\\__init__.py'>

  File "C:\Python314\Lib\asyncio\runners.py", line 204, in run
    return runner.run(main)
           │      │   └ <coroutine object startup at 0x000001FBA56996C0>
           │      └ <function Runner.run at 0x000001FBA4BE2B90>
           └ <asyncio.runners.Runner object at 0x000001FBA56C42F0>
  File "C:\Python314\Lib\asyncio\runners.py", line 127, in run
    return self._loop.run_until_complete(task)
           │    │                        └ <Task finished name='Task-1' coro=<startup() done, defined at C:\Users\JHONATA\bot-acess\run.py:61> exception=ModuleNotFoundE...
           │    └ None
           └ <asyncio.runners.Runner object at 0x000001FBA56C42F0>
  File "C:\Python314\Lib\asyncio\base_events.py", line 719, in run_until_complete
    return future.result()
           │      └ <method 'result' of '_asyncio.Task' objects>
           └ <Task finished name='Task-1' coro=<startup() done, defined at C:\Users\JHONATA\bot-acess\run.py:61> exception=ModuleNotFoundE...

  File "C:\Users\JHONATA\bot-acess\run.py", line 68, in startup
    from interfaces.telegram.bot import start_polling

  File "C:\Users\JHONATA\bot-acess\interfaces\telegram\bot.py", line 9, in <module>
    from interfaces.telegram.handlers.start import router as start_router

  File "C:\Users\JHONATA\bot-acess\interfaces\telegram\handlers\start.py", line 16, in <module>
    from interfaces.telegram.handlers.document import user_modes, user_emails

  File "C:\Users\JHONATA\bot-acess\interfaces\telegram\handlers\document.py", line 13, in <module>
    from core.orchestrator import process

  File "C:\Users\JHONATA\bot-acess\core\orchestrator.py", line 7, in <module>
    from core.agents.agente_unico import AgenteUnico

  File "C:\Users\JHONATA\bot-acess\core\agents\agente_unico.py", line 27, in <module>
    from core.utils.pdf_splitter import split_pdf

  File "C:\Users\JHONATA\bot-acess\core\utils\pdf_splitter.py", line 3, in <module>
    from pypdf import PdfReader, PdfWriter

ModuleNotFoundError: No module named 'pypdf'
2026-07-23 04:22:34 | INFO     | __main__:release_lock:56 - Lock released
2026-07-23 04:22:38 | INFO     | core.utils.logger:setup_logger:30 - Logger configured - level: INFO
2026-07-23 04:22:43 | ERROR    | __main__:<module>:117 - Erro fatal no bot
Traceback (most recent call last):

> File "C:\Users\JHONATA\bot-acess\run.py", line 113, in <module>
    asyncio.run(startup())
    │       │   └ <function startup at 0x00000266D8913530>
    │       └ <function run at 0x00000266D7DFE770>
    └ <module 'asyncio' from 'C:\\Python314\\Lib\\asyncio\\__init__.py'>

  File "C:\Python314\Lib\asyncio\runners.py", line 204, in run
    return runner.run(main)
           │      │   └ <coroutine object startup at 0x00000266D88D96C0>
           │      └ <function Runner.run at 0x00000266D7DFEB90>
           └ <asyncio.runners.Runner object at 0x00000266D88E0EC0>
  File "C:\Python314\Lib\asyncio\runners.py", line 127, in run
    return self._loop.run_until_complete(task)
           │    │                        └ <Task finished name='Task-1' coro=<startup() done, defined at C:\Users\JHONATA\bot-acess\run.py:61> exception=ModuleNotFoundE...
           │    └ None
           └ <asyncio.runners.Runner object at 0x00000266D88E0EC0>
  File "C:\Python314\Lib\asyncio\base_events.py", line 719, in run_until_complete
    return future.result()
           │      └ <method 'result' of '_asyncio.Task' objects>
           └ <Task finished name='Task-1' coro=<startup() done, defined at C:\Users\JHONATA\bot-acess\run.py:61> exception=ModuleNotFoundE...

  File "C:\Users\JHONATA\bot-acess\run.py", line 68, in startup
    from interfaces.telegram.bot import start_polling

  File "C:\Users\JHONATA\bot-acess\interfaces\telegram\bot.py", line 9, in <module>
    from interfaces.telegram.handlers.start import router as start_router

  File "C:\Users\JHONATA\bot-acess\interfaces\telegram\handlers\start.py", line 16, in <module>
    from interfaces.telegram.handlers.document import user_modes, user_emails

  File "C:\Users\JHONATA\bot-acess\interfaces\telegram\handlers\document.py", line 13, in <module>
    from core.orchestrator import process

  File "C:\Users\JHONATA\bot-acess\core\orchestrator.py", line 7, in <module>
    from core.agents.agente_unico import AgenteUnico

  File "C:\Users\JHONATA\bot-acess\core\agents\agente_unico.py", line 27, in <module>
    from core.utils.pdf_splitter import split_pdf

  File "C:\Users\JHONATA\bot-acess\core\utils\pdf_splitter.py", line 3, in <module>
    from pypdf import PdfReader, PdfWriter

ModuleNotFoundError: No module named 'pypdf'
2026-07-23 04:22:43 | INFO     | __main__:release_lock:56 - Lock released
2026-07-23 04:30:40 | INFO     | core.utils.logger:setup_logger:30 - Logger configured - level: INFO
2026-07-23 04:30:46 | WARNING  | core.structurer:get_structurer:230 - STRUCTURER=docling mas docling nao instalado. Execute: pip install docling. Usando PyMuPDF.
2026-07-23 04:30:46 | INFO     | core.services.history_service:limpar_orfas:94 - Tarefas orfas limpas
2026-07-23 04:30:46 | ERROR    | __main__:<module>:117 - Erro fatal no bot
Traceback (most recent call last):

> File "C:\Users\JHONATA\bot-acess\run.py", line 113, in <module>
    asyncio.run(startup())
    │       │   └ <function startup at 0x00000295BD9E3E20>
    │       └ <function run at 0x00000295BCEEE770>
    └ <module 'asyncio' from 'C:\\Python314\\Lib\\asyncio\\__init__.py'>

  File "C:\Python314\Lib\asyncio\runners.py", line 204, in run
    return runner.run(main)
           │      │   └ <coroutine object startup at 0x00000295BD9A96C0>
           │      └ <function Runner.run at 0x00000295BCEEEB90>
           └ <asyncio.runners.Runner object at 0x00000295BD9D42F0>
  File "C:\Python314\Lib\asyncio\runners.py", line 127, in run
    return self._loop.run_until_complete(task)
           │    │                        └ <Task finished name='Task-1' coro=<startup() done, defined at C:\Users\JHONATA\bot-acess\run.py:61> exception=ModuleNotFoundE...
           │    └ None
           └ <asyncio.runners.Runner object at 0x00000295BD9D42F0>
  File "C:\Python314\Lib\asyncio\base_events.py", line 719, in run_until_complete
    return future.result()
           │      └ <method 'result' of '_asyncio.Task' objects>
           └ <Task finished name='Task-1' coro=<startup() done, defined at C:\Users\JHONATA\bot-acess\run.py:61> exception=ModuleNotFoundE...

  File "C:\Users\JHONATA\bot-acess\run.py", line 68, in startup
    from interfaces.telegram.bot import start_polling

  File "C:\Users\JHONATA\bot-acess\interfaces\telegram\bot.py", line 9, in <module>
    from interfaces.telegram.handlers.start import router as start_router

  File "C:\Users\JHONATA\bot-acess\interfaces\telegram\handlers\start.py", line 16, in <module>
    from interfaces.telegram.handlers.document import user_modes, user_emails

  File "C:\Users\JHONATA\bot-acess\interfaces\telegram\handlers\document.py", line 21, in <module>
    from exporters.pandoc_exporter import export_accessible_document

  File "C:\Users\JHONATA\bot-acess\exporters\pandoc_exporter.py", line 15, in <module>
    from renderers.docx_renderer import render_docx

  File "C:\Users\JHONATA\bot-acess\renderers\__init__.py", line 1, in <module>
    from renderers.docx_renderer import render_docx

  File "C:\Users\JHONATA\bot-acess\renderers\docx_renderer.py", line 6, in <module>
    from docx import Document

ModuleNotFoundError: No module named 'docx'
2026-07-23 04:30:46 | INFO     | __main__:release_lock:56 - Lock released
2026-07-23 04:31:42 | INFO     | core.utils.logger:setup_logger:30 - Logger configured - level: INFO
2026-07-23 04:31:47 | WARNING  | core.structurer:get_structurer:230 - STRUCTURER=docling mas docling nao instalado. Execute: pip install docling. Usando PyMuPDF.
2026-07-23 04:31:47 | INFO     | core.services.history_service:limpar_orfas:94 - Tarefas orfas limpas
2026-07-23 04:31:47 | ERROR    | __main__:<module>:117 - Erro fatal no bot
Traceback (most recent call last):

> File "C:\Users\JHONATA\bot-acess\run.py", line 113, in <module>
    asyncio.run(startup())
    │       │   └ <function startup at 0x0000028C8A173E20>
    │       └ <function run at 0x0000028C8967E770>
    └ <module 'asyncio' from 'C:\\Python314\\Lib\\asyncio\\__init__.py'>

  File "C:\Python314\Lib\asyncio\runners.py", line 204, in run
    return runner.run(main)
           │      │   └ <coroutine object startup at 0x0000028C8A1396C0>
           │      └ <function Runner.run at 0x0000028C8967EB90>
           └ <asyncio.runners.Runner object at 0x0000028C8A1642F0>
  File "C:\Python314\Lib\asyncio\runners.py", line 127, in run
    return self._loop.run_until_complete(task)
           │    │                        └ <Task finished name='Task-1' coro=<startup() done, defined at C:\Users\JHONATA\bot-acess\run.py:61> exception=ModuleNotFoundE...
           │    └ None
           └ <asyncio.runners.Runner object at 0x0000028C8A1642F0>
  File "C:\Python314\Lib\asyncio\base_events.py", line 719, in run_until_complete
    return future.result()
           │      └ <method 'result' of '_asyncio.Task' objects>
           └ <Task finished name='Task-1' coro=<startup() done, defined at C:\Users\JHONATA\bot-acess\run.py:61> exception=ModuleNotFoundE...

  File "C:\Users\JHONATA\bot-acess\run.py", line 68, in startup
    from interfaces.telegram.bot import start_polling

  File "C:\Users\JHONATA\bot-acess\interfaces\telegram\bot.py", line 9, in <module>
    from interfaces.telegram.handlers.start import router as start_router

  File "C:\Users\JHONATA\bot-acess\interfaces\telegram\handlers\start.py", line 16, in <module>
    from interfaces.telegram.handlers.document import user_modes, user_emails

  File "C:\Users\JHONATA\bot-acess\interfaces\telegram\handlers\document.py", line 21, in <module>
    from exporters.pandoc_exporter import export_accessible_document

  File "C:\Users\JHONATA\bot-acess\exporters\pandoc_exporter.py", line 15, in <module>
    from renderers.docx_renderer import render_docx

  File "C:\Users\JHONATA\bot-acess\renderers\__init__.py", line 3, in <module>
    from renderers.pdf_renderer import render_pdf

  File "C:\Users\JHONATA\bot-acess\renderers\pdf_renderer.py", line 6, in <module>
    from reportlab.lib.enums import TA_CENTER

ModuleNotFoundError: No module named 'reportlab'
2026-07-23 04:31:47 | INFO     | __main__:release_lock:56 - Lock released
2026-07-23 04:32:53 | INFO     | core.utils.logger:setup_logger:30 - Logger configured - level: INFO
2026-07-23 04:32:57 | WARNING  | core.structurer:get_structurer:230 - STRUCTURER=docling mas docling nao instalado. Execute: pip install docling. Usando PyMuPDF.
2026-07-23 04:32:57 | INFO     | core.services.history_service:limpar_orfas:94 - Tarefas orfas limpas
2026-07-23 04:32:57 | ERROR    | __main__:<module>:117 - Erro fatal no bot
Traceback (most recent call last):

> File "C:\Users\JHONATA\bot-acess\run.py", line 113, in <module>
    asyncio.run(startup())
    │       │   └ <function startup at 0x000002128F5C3530>
    │       └ <function run at 0x000002128EAB2770>
    └ <module 'asyncio' from 'C:\\Python314\\Lib\\asyncio\\__init__.py'>

  File "C:\Python314\Lib\asyncio\runners.py", line 204, in run
    return runner.run(main)
           │      │   └ <coroutine object startup at 0x000002128F5896C0>
           │      └ <function Runner.run at 0x000002128EAB2B90>
           └ <asyncio.runners.Runner object at 0x000002128F590EC0>
  File "C:\Python314\Lib\asyncio\runners.py", line 127, in run
    return self._loop.run_until_complete(task)
           │    │                        └ <Task finished name='Task-1' coro=<startup() done, defined at C:\Users\JHONATA\bot-acess\run.py:61> exception=ModuleNotFoundE...
           │    └ None
           └ <asyncio.runners.Runner object at 0x000002128F590EC0>
  File "C:\Python314\Lib\asyncio\base_events.py", line 719, in run_until_complete
    return future.result()
           │      └ <method 'result' of '_asyncio.Task' objects>
           └ <Task finished name='Task-1' coro=<startup() done, defined at C:\Users\JHONATA\bot-acess\run.py:61> exception=ModuleNotFoundE...

  File "C:\Users\JHONATA\bot-acess\run.py", line 68, in startup
    from interfaces.telegram.bot import start_polling

  File "C:\Users\JHONATA\bot-acess\interfaces\telegram\bot.py", line 9, in <module>
    from interfaces.telegram.handlers.start import router as start_router

  File "C:\Users\JHONATA\bot-acess\interfaces\telegram\handlers\start.py", line 16, in <module>
    from interfaces.telegram.handlers.document import user_modes, user_emails

  File "C:\Users\JHONATA\bot-acess\interfaces\telegram\handlers\document.py", line 24, in <module>
    from adapters.exporters import export_txt, export_docx, export_pdf, export_mp3

  File "C:\Users\JHONATA\bot-acess\adapters\exporters\__init__.py", line 17, in <module>
    from core.exporters.audio_exporter import export_mp3 as _export_mp3

  File "C:\Users\JHONATA\bot-acess\core\exporters\audio_exporter.py", line 1, in <module>
    import edge_tts

ModuleNotFoundError: No module named 'edge_tts'
2026-07-23 04:32:57 | INFO     | __main__:release_lock:56 - Lock released
2026-07-23 08:21:19 | INFO     | core.utils.logger:setup_logger:30 - Logger configured - level: INFO
2026-07-23 08:21:46 | INFO     | core.structurer:get_structurer:235 - Usando structurer: Docling (com fallback PyMuPDF)
2026-07-23 08:21:46 | INFO     | core.services.history_service:limpar_orfas:94 - Tarefas orfas limpas
2026-07-23 08:21:47 | INFO     | __main__:startup:71 - Interface Telegram habilitada
2026-07-23 08:21:48 | INFO     | __main__:startup:84 - Interface Web habilitada (http://localhost:8000)
2026-07-23 08:21:48 | INFO     | __main__:startup:92 - Iniciando com interfaces: telegram,web
2026-07-23 08:21:48 | INFO     | interfaces.telegram.bot:start_polling:54 - Iniciando polling
2026-07-23 08:21:48 | INFO     | core.services.queue_service:start_worker:34 - Worker da Fila Unificada iniciado.
2026-07-23 08:21:48 | INFO     | interfaces.telegram.bot:on_startup:26 - Bot iniciado
2026-07-23 08:22:35 | INFO     | core.services.queue_service:enqueue:40 - Fila Unificada: ft_70kb.jpg enfileirado de web (Posição: 1)
2026-07-23 08:22:35 | INFO     | core.services.queue_service:_worker:58 - Worker: Iniciando tarefa ft_70kb.jpg de web
2026-07-23 08:22:40 | INFO     | core.services.email_service:send_email_notification:41 - E-mail enviado para fjhonata14@gmail.com com sucesso.
2026-07-23 08:22:40 | DEBUG    | interfaces.web.app:silent_status:131 - Web Pipeline Status [ft_70kb.jpg]: 📄 Analisando arquivo...
2026-07-23 08:22:40 | DEBUG    | interfaces.web.app:silent_status:131 - Web Pipeline Status [ft_70kb.jpg]: 🖼️ Preparando imagem...
2026-07-23 08:22:40 | INFO     | core.agents.agente_unico:executar:244 - Processando 1 pagina(s) para 5a16ad5fbbd44a18950f975615aab5db.jpg com structurer=DoclingStructurer
2026-07-23 08:22:40 | DEBUG    | interfaces.web.app:silent_status:131 - Web Pipeline Status [ft_70kb.jpg]: 📷 Processando pagina 1 de 1...
2026-07-23 08:22:40 | DEBUG    | core.agents.agente_unico:_process_image_page:632 - [pag 1] lendo imagem: C:\Users\JHONATA\AppData\Local\Temp\a11y-devs-describer\temp\uploads\5a16ad5fbbd44a18950f975615aab5db.jpg
2026-07-23 08:22:43 | DEBUG    | core.utils.image_enhancer:resize_image:22 - Imagem redimensionada: 1152x2048 -> 756x1344
2026-07-23 08:22:43 | INFO     | core.agents.agente_unico:_process_image_page:640 - Enviando pagina 1 para IA de visao (237230 bytes)
2026-07-23 08:22:43 | DEBUG    | core.ai.openrouter:send_message:70 - Enviando requisicao para OpenRouter (tentativa 1/5): modelo=nvidia/nemotron-nano-12b-v2-vl, image_count=1
2026-07-23 08:22:51 | DEBUG    | core.services.cache:set_cache:74 - Cache set: 5e9e16be8029c0f7_page_1_normal
2026-07-23 08:22:51 | INFO     | core.agents.agente_unico:executar:298 - Resposta da pagina 1 salva em imagen001.txt
2026-07-23 08:22:51 | INFO     | core.agents.agente_unico:executar:319 - AgenteUnico: 1 paginas processadas, 850 chars no total
2026-07-23 08:22:51 | DEBUG    | core.services.cache:set_cache:74 - Cache set: 5e9e16be8029c0f7_openrouter-v1
2026-07-23 08:22:51 | DEBUG    | interfaces.web.app:silent_status:131 - Web Pipeline Status [ft_70kb.jpg]: ✅ Processamento finalizado com sucesso!
2026-07-23 08:22:51 | DEBUG    | adapters.exporters:export_txt:21 - Exportando TXT para %s
2026-07-23 08:22:51 | DEBUG    | adapters.exporters:export_txt:22 - Exportando TXT para %s
2026-07-23 08:22:51 | DEBUG    | core.exporters.txt_exporter:export_txt:20 - TXT exportado: C:\Users\JHONATA\AppData\Local\Temp\a11y-devs-describer\temp\web_output\5a16ad5fbbd44a18950f975615aab5db\5a16ad5fbbd44a18950f975615aab5db.txt
2026-07-23 08:22:51 | DEBUG    | adapters.exporters:export_docx:26 - Exportando DOCX para %s
2026-07-23 08:22:51 | DEBUG    | adapters.exporters:export_docx:27 - Exportando DOCX para %s
2026-07-23 08:22:51 | DEBUG    | core.exporters.docx_exporter:export_docx:21 - DOCX exportado: C:\Users\JHONATA\AppData\Local\Temp\a11y-devs-describer\temp\web_output\5a16ad5fbbd44a18950f975615aab5db\5a16ad5fbbd44a18950f975615aab5db.docx
2026-07-23 08:22:51 | DEBUG    | adapters.exporters:export_pdf:31 - Exportando PDF para %s
2026-07-23 08:22:51 | DEBUG    | adapters.exporters:export_pdf:32 - Exportando PDF para %s
2026-07-23 08:22:51 | DEBUG    | core.exporters.pdf_exporter:export_pdf:20 - PDF exportado com bookmarks e numeracao: C:\Users\JHONATA\AppData\Local\Temp\a11y-devs-describer\temp\web_output\5a16ad5fbbd44a18950f975615aab5db\5a16ad5fbbd44a18950f975615aab5db.pdf
2026-07-23 08:22:51 | DEBUG    | adapters.exporters:export_mp3:36 - Exportando MP3 para %s
2026-07-23 08:22:51 | DEBUG    | adapters.exporters:export_mp3:37 - Exportando MP3 para %s
2026-07-23 08:22:51 | DEBUG    | core.exporters.audio_exporter:export_mp3:15 - Iniciando geração de áudio granular (TTS): pt-BR-ThalitaNeural -> C:\Users\JHONATA\AppData\Local\Temp\a11y-devs-describer\temp\web_output\5a16ad5fbbd44a18950f975615aab5db\5a16ad5fbbd44a18950f975615aab5db.mp3
2026-07-23 08:23:07 | INFO     | core.exporters.audio_exporter:process_chunk:47 - Gerando áudio (TTS): 1/1 blocos concluídos (100%)
2026-07-23 08:23:07 | INFO     | core.exporters.audio_exporter:export_mp3:67 - Áudio (MP3) granular exportado com sucesso: C:\Users\JHONATA\AppData\Local\Temp\a11y-devs-describer\temp\web_output\5a16ad5fbbd44a18950f975615aab5db\5a16ad5fbbd44a18950f975615aab5db.mp3
2026-07-23 08:23:07 | DEBUG    | core.services.download_token_service:criar_token:64 - Token de download criado: 826395d2-d1f5-4b7b-b297-f91bef24eb6c -> ft_70kb.jpg
2026-07-23 08:23:11 | INFO     | core.services.email_service:send_email_notification:41 - E-mail enviado para fjhonata14@gmail.com com sucesso.
2026-07-23 08:23:11 | INFO     | interfaces.web.app:run_pipeline_task:192 - Web Task concluída para fjhonata14@gmail.com. E-mail enviado.
2026-07-23 08:23:11 | INFO     | core.services.queue_service:_worker:67 - Worker: Tarefa concluída: ft_70kb.jpg. Aguardando próximo...
2026-07-23 09:21:54 | INFO     | interfaces.telegram.bot:on_shutdown:30 - Bot desligando
2026-07-23 09:21:54 | INFO     | __main__:<module>:115 - Bot interrompido pelo usuario
2026-07-23 09:21:54 | INFO     | __main__:release_lock:56 - Lock released
2026-07-23 09:24:07 | INFO     | core.utils.logger:setup_logger:30 - Logger configured - level: INFO
2026-07-23 09:24:13 | WARNING  | core.structurer:get_structurer:230 - STRUCTURER=docling mas docling nao instalado. Execute: pip install docling. Usando PyMuPDF.
2026-07-23 09:24:13 | INFO     | core.services.history_service:limpar_orfas:94 - Tarefas orfas limpas
2026-07-23 09:24:14 | ERROR    | __main__:<module>:117 - Erro fatal no bot
Traceback (most recent call last):

> File "C:\Users\JHONATA\bot-acess\run.py", line 113, in <module>
    asyncio.run(startup())
    │       │   └ <function startup at 0x00000274AF223E20>
    │       └ <function run at 0x00000274AE742770>
    └ <module 'asyncio' from 'C:\\Python314\\Lib\\asyncio\\__init__.py'>

  File "C:\Python314\Lib\asyncio\runners.py", line 204, in run
    return runner.run(main)
           │      │   └ <coroutine object startup at 0x00000274AF1E96C0>
           │      └ <function Runner.run at 0x00000274AE742B90>
           └ <asyncio.runners.Runner object at 0x00000274AF2142F0>
  File "C:\Python314\Lib\asyncio\runners.py", line 127, in run
    return self._loop.run_until_complete(task)
           │    │                        └ <Task finished name='Task-1' coro=<startup() done, defined at C:\Users\JHONATA\bot-acess\run.py:61> exception=ModuleNotFoundE...
           │    └ None
           └ <asyncio.runners.Runner object at 0x00000274AF2142F0>
  File "C:\Python314\Lib\asyncio\base_events.py", line 719, in run_until_complete
    return future.result()
           │      └ <method 'result' of '_asyncio.Task' objects>
           └ <Task finished name='Task-1' coro=<startup() done, defined at C:\Users\JHONATA\bot-acess\run.py:61> exception=ModuleNotFoundE...

  File "C:\Users\JHONATA\bot-acess\run.py", line 68, in startup
    from interfaces.telegram.bot import start_polling

  File "C:\Users\JHONATA\bot-acess\interfaces\telegram\bot.py", line 9, in <module>
    from interfaces.telegram.handlers.start import router as start_router

  File "C:\Users\JHONATA\bot-acess\interfaces\telegram\handlers\start.py", line 16, in <module>
    from interfaces.telegram.handlers.document import user_modes, user_emails

  File "C:\Users\JHONATA\bot-acess\interfaces\telegram\handlers\document.py", line 24, in <module>
    from adapters.exporters import export_txt, export_docx, export_pdf, export_mp3

  File "C:\Users\JHONATA\bot-acess\adapters\exporters\__init__.py", line 17, in <module>
    from core.exporters.audio_exporter import export_mp3 as _export_mp3

  File "C:\Users\JHONATA\bot-acess\core\exporters\audio_exporter.py", line 1, in <module>
    import edge_tts

ModuleNotFoundError: No module named 'edge_tts'
2026-07-23 09:24:14 | INFO     | __main__:release_lock:56 - Lock released
2026-07-23 09:30:15 | INFO     | core.utils.logger:setup_logger:30 - Logger configured - level: INFO
2026-07-23 09:30:21 | WARNING  | core.structurer:get_structurer:230 - STRUCTURER=docling mas docling nao instalado. Execute: pip install docling. Usando PyMuPDF.
2026-07-23 09:30:21 | INFO     | core.services.history_service:limpar_orfas:94 - Tarefas orfas limpas
2026-07-23 09:30:22 | INFO     | __main__:startup:71 - Interface Telegram habilitada
2026-07-23 09:30:22 | ERROR    | __main__:<module>:117 - Erro fatal no bot
Traceback (most recent call last):

> File "C:\Users\JHONATA\bot-acess\run.py", line 113, in <module>
    asyncio.run(startup())
    │       │   └ <function startup at 0x000002057FD83E20>
    │       └ <function run at 0x000002057F292770>
    └ <module 'asyncio' from 'C:\\Python314\\Lib\\asyncio\\__init__.py'>

  File "C:\Python314\Lib\asyncio\runners.py", line 204, in run
    return runner.run(main)
           │      │   └ <coroutine object startup at 0x000002057FD496C0>
           │      └ <function Runner.run at 0x000002057F292B90>
           └ <asyncio.runners.Runner object at 0x000002057FD742F0>
  File "C:\Python314\Lib\asyncio\runners.py", line 127, in run
    return self._loop.run_until_complete(task)
           │    │                        └ <Task finished name='Task-1' coro=<startup() done, defined at C:\Users\JHONATA\bot-acess\run.py:61> exception=ModuleNotFoundE...
           │    └ None
           └ <asyncio.runners.Runner object at 0x000002057FD742F0>
  File "C:\Python314\Lib\asyncio\base_events.py", line 719, in run_until_complete
    return future.result()
           │      └ <method 'result' of '_asyncio.Task' objects>
           └ <Task finished name='Task-1' coro=<startup() done, defined at C:\Users\JHONATA\bot-acess\run.py:61> exception=ModuleNotFoundE...

  File "C:\Users\JHONATA\bot-acess\run.py", line 76, in startup
    from interfaces.web.app import app

  File "C:\Users\JHONATA\bot-acess\interfaces\web\app.py", line 7, in <module>
    from fastapi import (

ModuleNotFoundError: No module named 'fastapi'
2026-07-23 09:30:22 | INFO     | __main__:release_lock:56 - Lock released
2026-07-23 09:31:10 | INFO     | core.utils.logger:setup_logger:30 - Logger configured - level: INFO
2026-07-23 09:31:15 | WARNING  | core.structurer:get_structurer:230 - STRUCTURER=docling mas docling nao instalado. Execute: pip install docling. Usando PyMuPDF.
2026-07-23 09:31:15 | INFO     | core.services.history_service:limpar_orfas:94 - Tarefas orfas limpas
2026-07-23 09:31:16 | INFO     | __main__:startup:71 - Interface Telegram habilitada
2026-07-23 09:31:16 | ERROR    | __main__:<module>:117 - Erro fatal no bot
Traceback (most recent call last):

  File "C:\Users\JHONATA\AppData\Local\pypoetry\Cache\virtualenvs\bot-acess-cGn885_X-py3.14\Lib\site-packages\starlette\templating.py", line 14, in <module>
    import jinja2

ModuleNotFoundError: No module named 'jinja2'


The above exception was the direct cause of the following exception:


Traceback (most recent call last):

> File "C:\Users\JHONATA\bot-acess\run.py", line 113, in <module>
    asyncio.run(startup())
    │       │   └ <function startup at 0x00000219275B3E20>
    │       └ <function run at 0x0000021926AC2770>
    └ <module 'asyncio' from 'C:\\Python314\\Lib\\asyncio\\__init__.py'>

  File "C:\Python314\Lib\asyncio\runners.py", line 204, in run
    return runner.run(main)
           │      │   └ <coroutine object startup at 0x00000219275796C0>
           │      └ <function Runner.run at 0x0000021926AC2B90>
           └ <asyncio.runners.Runner object at 0x00000219275A42F0>
  File "C:\Python314\Lib\asyncio\runners.py", line 127, in run
    return self._loop.run_until_complete(task)
           │    │                        └ <Task finished name='Task-1' coro=<startup() done, defined at C:\Users\JHONATA\bot-acess\run.py:61> exception=ImportError('ji...
           │    └ None
           └ <asyncio.runners.Runner object at 0x00000219275A42F0>
  File "C:\Python314\Lib\asyncio\base_events.py", line 719, in run_until_complete
    return future.result()
           │      └ <method 'result' of '_asyncio.Task' objects>
           └ <Task finished name='Task-1' coro=<startup() done, defined at C:\Users\JHONATA\bot-acess\run.py:61> exception=ImportError('ji...

  File "C:\Users\JHONATA\bot-acess\run.py", line 76, in startup
    from interfaces.web.app import app

  File "C:\Users\JHONATA\bot-acess\interfaces\web\app.py", line 15, in <module>
    from fastapi.templating import Jinja2Templates

  File "C:\Users\JHONATA\AppData\Local\pypoetry\Cache\virtualenvs\bot-acess-cGn885_X-py3.14\Lib\site-packages\fastapi\templating.py", line 1, in <module>
    from starlette.templating import Jinja2Templates as Jinja2Templates  # noqa
  File "C:\Users\JHONATA\AppData\Local\pypoetry\Cache\virtualenvs\bot-acess-cGn885_X-py3.14\Lib\site-packages\starlette\templating.py", line 28, in <module>
    raise ImportError("jinja2 must be installed to use Jinja2Templates") from _import_error

ImportError: jinja2 must be installed to use Jinja2Templates
2026-07-23 09:31:16 | INFO     | __main__:release_lock:56 - Lock released
2026-07-23 09:31:45 | INFO     | core.utils.logger:setup_logger:30 - Logger configured - level: INFO
2026-07-23 09:31:50 | WARNING  | core.structurer:get_structurer:230 - STRUCTURER=docling mas docling nao instalado. Execute: pip install docling. Usando PyMuPDF.
2026-07-23 09:31:50 | INFO     | core.services.history_service:limpar_orfas:94 - Tarefas orfas limpas
2026-07-23 09:31:50 | INFO     | __main__:startup:71 - Interface Telegram habilitada
2026-07-23 09:31:50 | ERROR    | __main__:<module>:117 - Erro fatal no bot
Traceback (most recent call last):

> File "C:\Users\JHONATA\bot-acess\run.py", line 113, in <module>
    asyncio.run(startup())
    │       │   └ <function startup at 0x000001FC911F3E20>
    │       └ <function run at 0x000001FC90762770>
    └ <module 'asyncio' from 'C:\\Python314\\Lib\\asyncio\\__init__.py'>

  File "C:\Python314\Lib\asyncio\runners.py", line 204, in run
    return runner.run(main)
           │      │   └ <coroutine object startup at 0x000001FC911B96C0>
           │      └ <function Runner.run at 0x000001FC90762B90>
           └ <asyncio.runners.Runner object at 0x000001FC911E42F0>
  File "C:\Python314\Lib\asyncio\runners.py", line 127, in run
    return self._loop.run_until_complete(task)
           │    │                        └ <Task finished name='Task-1' coro=<startup() done, defined at C:\Users\JHONATA\bot-acess\run.py:61> exception=ModuleNotFoundE...
           │    └ None
           └ <asyncio.runners.Runner object at 0x000001FC911E42F0>
  File "C:\Python314\Lib\asyncio\base_events.py", line 719, in run_until_complete
    return future.result()
           │      └ <method 'result' of '_asyncio.Task' objects>
           └ <Task finished name='Task-1' coro=<startup() done, defined at C:\Users\JHONATA\bot-acess\run.py:61> exception=ModuleNotFoundE...

  File "C:\Users\JHONATA\bot-acess\run.py", line 76, in startup
    from interfaces.web.app import app

  File "C:\Users\JHONATA\bot-acess\interfaces\web\app.py", line 19, in <module>
    from slowapi import Limiter

ModuleNotFoundError: No module named 'slowapi'
2026-07-23 09:31:50 | INFO     | __main__:release_lock:56 - Lock released
2026-07-23 09:32:41 | INFO     | core.utils.logger:setup_logger:30 - Logger configured - level: INFO
2026-07-23 09:32:46 | WARNING  | core.structurer:get_structurer:230 - STRUCTURER=docling mas docling nao instalado. Execute: pip install docling. Usando PyMuPDF.
2026-07-23 09:32:46 | INFO     | core.services.history_service:limpar_orfas:94 - Tarefas orfas limpas
2026-07-23 09:32:47 | INFO     | __main__:startup:71 - Interface Telegram habilitada
2026-07-23 09:32:47 | ERROR    | __main__:<module>:117 - Erro fatal no bot
Traceback (most recent call last):

> File "C:\Users\JHONATA\bot-acess\run.py", line 113, in <module>
    asyncio.run(startup())
    │       │   └ <function startup at 0x0000026FD0273E20>
    │       └ <function run at 0x0000026FCF7F2770>
    └ <module 'asyncio' from 'C:\\Python314\\Lib\\asyncio\\__init__.py'>

  File "C:\Python314\Lib\asyncio\runners.py", line 204, in run
    return runner.run(main)
           │      │   └ <coroutine object startup at 0x0000026FD02396C0>
           │      └ <function Runner.run at 0x0000026FCF7F2B90>
           └ <asyncio.runners.Runner object at 0x0000026FD02642F0>
  File "C:\Python314\Lib\asyncio\runners.py", line 127, in run
    return self._loop.run_until_complete(task)
           │    │                        └ <Task finished name='Task-1' coro=<startup() done, defined at C:\Users\JHONATA\bot-acess\run.py:61> exception=ModuleNotFoundE...
           │    └ None
           └ <asyncio.runners.Runner object at 0x0000026FD02642F0>
  File "C:\Python314\Lib\asyncio\base_events.py", line 719, in run_until_complete
    return future.result()
           │      └ <method 'result' of '_asyncio.Task' objects>
           └ <Task finished name='Task-1' coro=<startup() done, defined at C:\Users\JHONATA\bot-acess\run.py:61> exception=ModuleNotFoundE...

  File "C:\Users\JHONATA\bot-acess\run.py", line 76, in startup
    from interfaces.web.app import app

  File "C:\Users\JHONATA\bot-acess\interfaces\web\app.py", line 32, in <module>
    from core.services.email_service import send_confirmation_email, send_result_email

  File "C:\Users\JHONATA\bot-acess\core\services\email_service.py", line 1, in <module>
    import aiosmtplib

ModuleNotFoundError: No module named 'aiosmtplib'
2026-07-23 09:32:47 | INFO     | __main__:release_lock:56 - Lock released
2026-07-23 09:33:29 | INFO     | core.utils.logger:setup_logger:30 - Logger configured - level: INFO
2026-07-23 09:33:33 | WARNING  | core.structurer:get_structurer:230 - STRUCTURER=docling mas docling nao instalado. Execute: pip install docling. Usando PyMuPDF.
2026-07-23 09:33:33 | INFO     | core.services.history_service:limpar_orfas:94 - Tarefas orfas limpas
2026-07-23 09:33:34 | INFO     | __main__:startup:71 - Interface Telegram habilitada
2026-07-23 09:33:34 | ERROR    | __main__:<module>:117 - Erro fatal no bot
Traceback (most recent call last):

> File "C:\Users\JHONATA\bot-acess\run.py", line 113, in <module>
    asyncio.run(startup())
    │       │   └ <function startup at 0x00000238E77B3E20>
    │       └ <function run at 0x00000238E6D42770>
    └ <module 'asyncio' from 'C:\\Python314\\Lib\\asyncio\\__init__.py'>

  File "C:\Python314\Lib\asyncio\runners.py", line 204, in run
    return runner.run(main)
           │      │   └ <coroutine object startup at 0x00000238E77796C0>
           │      └ <function Runner.run at 0x00000238E6D42B90>
           └ <asyncio.runners.Runner object at 0x00000238E77A42F0>
  File "C:\Python314\Lib\asyncio\runners.py", line 127, in run
    return self._loop.run_until_complete(task)
           │    │                        └ <Task finished name='Task-1' coro=<startup() done, defined at C:\Users\JHONATA\bot-acess\run.py:61> exception=RuntimeError('F...
           │    └ None
           └ <asyncio.runners.Runner object at 0x00000238E77A42F0>
  File "C:\Python314\Lib\asyncio\base_events.py", line 719, in run_until_complete
    return future.result()
           │      └ <method 'result' of '_asyncio.Task' objects>
           └ <Task finished name='Task-1' coro=<startup() done, defined at C:\Users\JHONATA\bot-acess\run.py:61> exception=RuntimeError('F...

  File "C:\Users\JHONATA\bot-acess\run.py", line 76, in startup
    from interfaces.web.app import app

  File "C:\Users\JHONATA\bot-acess\interfaces\web\app.py", line 244, in <module>
    @app.post("/process", response_class=HTMLResponse)
     │   │                               └ <class 'starlette.responses.HTMLResponse'>
     │   └ <function FastAPI.post at 0x000002388AEAFED0>
     └ <fastapi.applications.FastAPI object at 0x000002388B0F3230>

  File "C:\Users\JHONATA\AppData\Local\pypoetry\Cache\virtualenvs\bot-acess-cGn885_X-py3.14\Lib\site-packages\fastapi\routing.py", line 2955, in decorator
    self.add_api_route(
    │    └ <function APIRouter.add_api_route at 0x000002388AEAB3D0>
    └ <fastapi.routing.APIRouter object at 0x000002388B1996D0>
  File "C:\Users\JHONATA\AppData\Local\pypoetry\Cache\virtualenvs\bot-acess-cGn885_X-py3.14\Lib\site-packages\fastapi\routing.py", line 2890, in add_api_route
    route = route_class(
            └ <class 'fastapi.routing.APIRoute'>
  File "C:\Users\JHONATA\AppData\Local\pypoetry\Cache\virtualenvs\bot-acess-cGn885_X-py3.14\Lib\site-packages\fastapi\routing.py", line 1179, in __init__
    _populate_api_route_state(
    └ <function _populate_api_route_state at 0x000002388AE8B060>
  File "C:\Users\JHONATA\AppData\Local\pypoetry\Cache\virtualenvs\bot-acess-cGn885_X-py3.14\Lib\site-packages\fastapi\routing.py", line 1089, in _populate_api_route_state
    ) = _build_dependant_with_parameterless_dependencies(
        └ <function _build_dependant_with_parameterless_dependencies at 0x000002388AE8A560>
  File "C:\Users\JHONATA\AppData\Local\pypoetry\Cache\virtualenvs\bot-acess-cGn885_X-py3.14\Lib\site-packages\fastapi\routing.py", line 846, in _build_dependant_with_parameterless_dependencies
    dependant = get_dependant(path=path, call=call, scope="function")
                │                  │          └ <function handle_upload at 0x000002388B3DF480>
                │                  └ '/process'
                └ <function get_dependant at 0x000002388AE26980>
  File "C:\Users\JHONATA\AppData\Local\pypoetry\Cache\virtualenvs\bot-acess-cGn885_X-py3.14\Lib\site-packages\fastapi\dependencies\utils.py", line 311, in get_dependant
    param_details = analyze_param(
                    └ <function analyze_param at 0x000002388AE26CF0>
  File "C:\Users\JHONATA\AppData\Local\pypoetry\Cache\virtualenvs\bot-acess-cGn885_X-py3.14\Lib\site-packages\fastapi\dependencies\utils.py", line 535, in analyze_param
    ensure_multipart_is_installed()
    └ <function ensure_multipart_is_installed at 0x000002388AE241A0>
  File "C:\Users\JHONATA\AppData\Local\pypoetry\Cache\virtualenvs\bot-acess-cGn885_X-py3.14\Lib\site-packages\fastapi\dependencies\utils.py", line 120, in ensure_multipart_is_installed
    raise RuntimeError(multipart_not_installed_error) from None
                       └ 'Form data requires "python-multipart" to be installed. \nYou can install "python-multipart" with: \n\npip install python-mul...

RuntimeError: Form data requires "python-multipart" to be installed. 
You can install "python-multipart" with: 

pip install python-multipart

2026-07-23 09:33:34 | INFO     | __main__:release_lock:56 - Lock released
2026-07-23 09:33:59 | INFO     | core.utils.logger:setup_logger:30 - Logger configured - level: INFO
2026-07-23 09:34:04 | WARNING  | core.structurer:get_structurer:230 - STRUCTURER=docling mas docling nao instalado. Execute: pip install docling. Usando PyMuPDF.
2026-07-23 09:34:04 | INFO     | core.services.history_service:limpar_orfas:94 - Tarefas orfas limpas
2026-07-23 09:34:05 | INFO     | __main__:startup:71 - Interface Telegram habilitada
2026-07-23 09:34:05 | ERROR    | __main__:<module>:117 - Erro fatal no bot
Traceback (most recent call last):

> File "C:\Users\JHONATA\bot-acess\run.py", line 113, in <module>
    asyncio.run(startup())
    │       │   └ <function startup at 0x000002A1D4F13E20>
    │       └ <function run at 0x000002A1D4432770>
    └ <module 'asyncio' from 'C:\\Python314\\Lib\\asyncio\\__init__.py'>

  File "C:\Python314\Lib\asyncio\runners.py", line 204, in run
    return runner.run(main)
           │      │   └ <coroutine object startup at 0x000002A1D4ED96C0>
           │      └ <function Runner.run at 0x000002A1D4432B90>
           └ <asyncio.runners.Runner object at 0x000002A1D4F042F0>
  File "C:\Python314\Lib\asyncio\runners.py", line 127, in run
    return self._loop.run_until_complete(task)
           │    │                        └ <Task finished name='Task-1' coro=<startup() done, defined at C:\Users\JHONATA\bot-acess\run.py:61> exception=ModuleNotFoundE...
           │    └ None
           └ <asyncio.runners.Runner object at 0x000002A1D4F042F0>
  File "C:\Python314\Lib\asyncio\base_events.py", line 719, in run_until_complete
    return future.result()
           │      └ <method 'result' of '_asyncio.Task' objects>
           └ <Task finished name='Task-1' coro=<startup() done, defined at C:\Users\JHONATA\bot-acess\run.py:61> exception=ModuleNotFoundE...

  File "C:\Users\JHONATA\bot-acess\run.py", line 77, in startup
    import uvicorn

ModuleNotFoundError: No module named 'uvicorn'
2026-07-23 09:34:05 | INFO     | __main__:release_lock:56 - Lock released
2026-07-23 09:34:27 | INFO     | core.utils.logger:setup_logger:30 - Logger configured - level: INFO
2026-07-23 09:34:31 | WARNING  | core.structurer:get_structurer:230 - STRUCTURER=docling mas docling nao instalado. Execute: pip install docling. Usando PyMuPDF.
2026-07-23 09:34:31 | INFO     | core.services.history_service:limpar_orfas:94 - Tarefas orfas limpas
2026-07-23 09:34:32 | INFO     | __main__:startup:71 - Interface Telegram habilitada
2026-07-23 09:34:32 | INFO     | __main__:startup:84 - Interface Web habilitada (http://localhost:8000)
2026-07-23 09:34:32 | INFO     | __main__:startup:92 - Iniciando com interfaces: telegram,web
2026-07-23 09:34:32 | INFO     | interfaces.telegram.bot:start_polling:54 - Iniciando polling
2026-07-23 09:34:32 | INFO     | core.services.queue_service:start_worker:34 - Worker da Fila Unificada iniciado.
2026-07-23 09:34:32 | INFO     | interfaces.telegram.bot:on_startup:26 - Bot iniciado
2026-07-23 09:43:58 | INFO     | core.utils.logger:setup_logger:30 - Logger configured - level: INFO
2026-07-23 09:44:25 | INFO     | core.structurer:get_structurer:235 - Usando structurer: Docling (com fallback PyMuPDF)
2026-07-23 09:44:25 | INFO     | core.services.history_service:limpar_orfas:94 - Tarefas orfas limpas
2026-07-23 09:44:25 | INFO     | __main__:startup:71 - Interface Telegram habilitada
2026-07-23 09:44:26 | INFO     | __main__:startup:84 - Interface Web habilitada (http://localhost:8000)
2026-07-23 09:44:26 | INFO     | __main__:startup:92 - Iniciando com interfaces: telegram,web
2026-07-23 09:44:26 | INFO     | interfaces.telegram.bot:start_polling:54 - Iniciando polling
2026-07-23 09:44:26 | INFO     | core.services.queue_service:start_worker:34 - Worker da Fila Unificada iniciado.
2026-07-23 09:44:26 | INFO     | interfaces.telegram.bot:on_startup:26 - Bot iniciado
2026-07-23 09:45:18 | INFO     | core.services.queue_service:enqueue:40 - Fila Unificada: logo.png enfileirado de web (Posição: 1)
2026-07-23 09:45:18 | INFO     | core.services.queue_service:_worker:58 - Worker: Iniciando tarefa logo.png de web
2026-07-23 09:45:23 | INFO     | core.services.email_service:send_email_notification:41 - E-mail enviado para fjhonata14@gmail.com com sucesso.
2026-07-23 09:45:23 | DEBUG    | interfaces.web.app:silent_status:131 - Web Pipeline Status [logo.png]: 📄 Analisando arquivo...
2026-07-23 09:45:23 | DEBUG    | interfaces.web.app:silent_status:131 - Web Pipeline Status [logo.png]: 🖼️ Preparando imagem...
2026-07-23 09:45:23 | INFO     | core.agents.agente_unico:executar:244 - Processando 1 pagina(s) para 2a5471fce736490184b572a8c76ae2b3.png com structurer=DoclingStructurer
2026-07-23 09:45:23 | DEBUG    | interfaces.web.app:silent_status:131 - Web Pipeline Status [logo.png]: 📷 Processando pagina 1 de 1...
2026-07-23 09:45:23 | DEBUG    | core.agents.agente_unico:_process_image_page:632 - [pag 1] lendo imagem: C:\Users\JHONATA\AppData\Local\Temp\a11y-devs-describer\temp\uploads\2a5471fce736490184b572a8c76ae2b3.png
2026-07-23 09:45:25 | INFO     | core.agents.agente_unico:_process_image_page:640 - Enviando pagina 1 para IA de visao (196326 bytes)
2026-07-23 09:45:25 | DEBUG    | core.ai.openrouter:send_message:70 - Enviando requisicao para OpenRouter (tentativa 1/5): modelo=nvidia/nemotron-nano-12b-v2-vl, image_count=1
2026-07-23 09:45:38 | DEBUG    | core.services.cache:set_cache:74 - Cache set: 638194109a530b8b_page_1_normal
2026-07-23 09:45:38 | INFO     | core.agents.agente_unico:executar:298 - Resposta da pagina 1 salva em imagen001.txt
2026-07-23 09:45:38 | INFO     | core.agents.agente_unico:executar:319 - AgenteUnico: 1 paginas processadas, 1240 chars no total
2026-07-23 09:45:38 | DEBUG    | core.services.cache:set_cache:74 - Cache set: 638194109a530b8b_openrouter-v1
2026-07-23 09:45:38 | DEBUG    | interfaces.web.app:silent_status:131 - Web Pipeline Status [logo.png]: ✅ Processamento finalizado com sucesso!
2026-07-23 09:45:38 | DEBUG    | adapters.exporters:export_txt:21 - Exportando TXT para %s
2026-07-23 09:45:38 | DEBUG    | adapters.exporters:export_txt:22 - Exportando TXT para %s
2026-07-23 09:45:38 | DEBUG    | core.exporters.txt_exporter:export_txt:20 - TXT exportado: C:\Users\JHONATA\AppData\Local\Temp\a11y-devs-describer\temp\web_output\2a5471fce736490184b572a8c76ae2b3\2a5471fce736490184b572a8c76ae2b3.txt
2026-07-23 09:45:38 | DEBUG    | adapters.exporters:export_docx:26 - Exportando DOCX para %s
2026-07-23 09:45:38 | DEBUG    | adapters.exporters:export_docx:27 - Exportando DOCX para %s
2026-07-23 09:45:38 | DEBUG    | core.exporters.docx_exporter:export_docx:21 - DOCX exportado: C:\Users\JHONATA\AppData\Local\Temp\a11y-devs-describer\temp\web_output\2a5471fce736490184b572a8c76ae2b3\2a5471fce736490184b572a8c76ae2b3.docx
2026-07-23 09:45:38 | DEBUG    | adapters.exporters:export_pdf:31 - Exportando PDF para %s
2026-07-23 09:45:38 | DEBUG    | adapters.exporters:export_pdf:32 - Exportando PDF para %s
2026-07-23 09:45:38 | DEBUG    | core.exporters.pdf_exporter:export_pdf:20 - PDF exportado com bookmarks e numeracao: C:\Users\JHONATA\AppData\Local\Temp\a11y-devs-describer\temp\web_output\2a5471fce736490184b572a8c76ae2b3\2a5471fce736490184b572a8c76ae2b3.pdf
2026-07-23 09:45:38 | DEBUG    | adapters.exporters:export_mp3:36 - Exportando MP3 para %s
2026-07-23 09:45:38 | DEBUG    | adapters.exporters:export_mp3:37 - Exportando MP3 para %s
2026-07-23 09:45:38 | DEBUG    | core.exporters.audio_exporter:export_mp3:15 - Iniciando geração de áudio granular (TTS): pt-BR-ThalitaNeural -> C:\Users\JHONATA\AppData\Local\Temp\a11y-devs-describer\temp\web_output\2a5471fce736490184b572a8c76ae2b3\2a5471fce736490184b572a8c76ae2b3.mp3
2026-07-23 09:45:58 | INFO     | core.exporters.audio_exporter:process_chunk:47 - Gerando áudio (TTS): 1/1 blocos concluídos (100%)
2026-07-23 09:45:58 | INFO     | core.exporters.audio_exporter:export_mp3:67 - Áudio (MP3) granular exportado com sucesso: C:\Users\JHONATA\AppData\Local\Temp\a11y-devs-describer\temp\web_output\2a5471fce736490184b572a8c76ae2b3\2a5471fce736490184b572a8c76ae2b3.mp3
2026-07-23 09:45:58 | DEBUG    | core.services.download_token_service:criar_token:60 - Token de download criado: 8341efea-f6e6-4b33-8a5a-bc51361926af -> 2a5471fce736490184b572a8c76ae2b3
2026-07-23 09:46:03 | INFO     | core.services.email_service:send_email_notification:41 - E-mail enviado para fjhonata14@gmail.com com sucesso.
2026-07-23 09:46:03 | INFO     | interfaces.web.app:run_pipeline_task:192 - Web Task concluída para fjhonata14@gmail.com. E-mail enviado.
2026-07-23 09:46:03 | INFO     | core.services.queue_service:_worker:67 - Worker: Tarefa concluída: logo.png. Aguardando próximo...
2026-07-23 09:56:37 | INFO     | interfaces.telegram.bot:on_shutdown:30 - Bot desligando
2026-07-23 09:56:37 | INFO     | __main__:<module>:115 - Bot interrompido pelo usuario
2026-07-23 09:56:37 | INFO     | __main__:release_lock:56 - Lock released
2026-07-23 09:57:30 | INFO     | core.utils.logger:setup_logger:30 - Logger configured - level: INFO
2026-07-23 09:57:48 | INFO     | core.structurer:get_structurer:235 - Usando structurer: Docling (com fallback PyMuPDF)
2026-07-23 09:57:48 | INFO     | core.services.history_service:limpar_orfas:94 - Tarefas orfas limpas
2026-07-23 09:57:48 | INFO     | __main__:startup:71 - Interface Telegram habilitada
2026-07-23 09:57:48 | INFO     | __main__:startup:84 - Interface Web habilitada (http://localhost:8000)
2026-07-23 09:57:48 | INFO     | __main__:startup:92 - Iniciando com interfaces: telegram,web
2026-07-23 09:57:49 | INFO     | interfaces.telegram.bot:start_polling:54 - Iniciando polling
2026-07-23 09:57:49 | INFO     | core.services.queue_service:start_worker:34 - Worker da Fila Unificada iniciado.
2026-07-23 09:57:49 | INFO     | interfaces.telegram.bot:on_startup:26 - Bot iniciado
2026-07-23 09:58:51 | INFO     | core.services.queue_service:enqueue:40 - Fila Unificada: Roberto_DaMatta_-_O_que_faz_o_brasil__Brasil.pdf enfileirado de web (Posição: 1)
2026-07-23 09:58:51 | INFO     | core.services.queue_service:_worker:58 - Worker: Iniciando tarefa Roberto_DaMatta_-_O_que_faz_o_brasil__Brasil.pdf de web
2026-07-23 09:58:56 | INFO     | core.services.email_service:send_email_notification:41 - E-mail enviado para fjhonata14@gmail.com com sucesso.
2026-07-23 09:58:56 | DEBUG    | interfaces.web.app:silent_status:131 - Web Pipeline Status [Roberto_DaMatta_-_O_que_faz_o_brasil__Brasil.pdf]: 📄 Analisando arquivo...
2026-07-23 09:58:56 | DEBUG    | interfaces.web.app:silent_status:131 - Web Pipeline Status [Roberto_DaMatta_-_O_que_faz_o_brasil__Brasil.pdf]: 📄 Separando PDF em paginas...
2026-07-23 09:58:56 | INFO     | core.utils.pdf_splitter:split_pdf:12 - PDF tem 111 paginas, processando 111
2026-07-23 09:58:56 | DEBUG    | core.utils.pdf_splitter:split_pdf:22 - Pagina 1 salva: pagina_001.pdf
2026-07-23 09:58:56 | DEBUG    | core.utils.pdf_splitter:split_pdf:22 - Pagina 2 salva: pagina_002.pdf
2026-07-23 09:58:56 | DEBUG    | core.utils.pdf_splitter:split_pdf:22 - Pagina 3 salva: pagina_003.pdf
2026-07-23 09:58:56 | DEBUG    | core.utils.pdf_splitter:split_pdf:22 - Pagina 4 salva: pagina_004.pdf
2026-07-23 09:58:56 | DEBUG    | core.utils.pdf_splitter:split_pdf:22 - Pagina 5 salva: pagina_005.pdf
2026-07-23 09:58:56 | DEBUG    | core.utils.pdf_splitter:split_pdf:22 - Pagina 6 salva: pagina_006.pdf
2026-07-23 09:58:56 | DEBUG    | core.utils.pdf_splitter:split_pdf:22 - Pagina 7 salva: pagina_007.pdf
2026-07-23 09:58:56 | DEBUG    | core.utils.pdf_splitter:split_pdf:22 - Pagina 8 salva: pagina_008.pdf
2026-07-23 09:58:56 | DEBUG    | core.utils.pdf_splitter:split_pdf:22 - Pagina 9 salva: pagina_009.pdf
2026-07-23 09:58:56 | DEBUG    | core.utils.pdf_splitter:split_pdf:22 - Pagina 10 salva: pagina_010.pdf
2026-07-23 09:58:56 | DEBUG    | core.utils.pdf_splitter:split_pdf:22 - Pagina 11 salva: pagina_011.pdf
2026-07-23 09:58:56 | DEBUG    | core.utils.pdf_splitter:split_pdf:22 - Pagina 12 salva: pagina_012.pdf
2026-07-23 09:58:56 | DEBUG    | core.utils.pdf_splitter:split_pdf:22 - Pagina 13 salva: pagina_013.pdf
2026-07-23 09:58:56 | DEBUG    | core.utils.pdf_splitter:split_pdf:22 - Pagina 14 salva: pagina_014.pdf
2026-07-23 09:58:56 | DEBUG    | core.utils.pdf_splitter:split_pdf:22 - Pagina 15 salva: pagina_015.pdf
2026-07-23 09:58:56 | DEBUG    | core.utils.pdf_splitter:split_pdf:22 - Pagina 16 salva: pagina_016.pdf
2026-07-23 09:58:56 | DEBUG    | core.utils.pdf_splitter:split_pdf:22 - Pagina 17 salva: pagina_017.pdf
2026-07-23 09:58:56 | DEBUG    | core.utils.pdf_splitter:split_pdf:22 - Pagina 18 salva: pagina_018.pdf
2026-07-23 09:58:56 | DEBUG    | core.utils.pdf_splitter:split_pdf:22 - Pagina 19 salva: pagina_019.pdf
2026-07-23 09:58:56 | DEBUG    | core.utils.pdf_splitter:split_pdf:22 - Pagina 20 salva: pagina_020.pdf
2026-07-23 09:58:56 | DEBUG    | core.utils.pdf_splitter:split_pdf:22 - Pagina 21 salva: pagina_021.pdf
2026-07-23 09:58:56 | DEBUG    | core.utils.pdf_splitter:split_pdf:22 - Pagina 22 salva: pagina_022.pdf
2026-07-23 09:58:56 | DEBUG    | core.utils.pdf_splitter:split_pdf:22 - Pagina 23 salva: pagina_023.pdf
2026-07-23 09:58:56 | DEBUG    | core.utils.pdf_splitter:split_pdf:22 - Pagina 24 salva: pagina_024.pdf
2026-07-23 09:58:56 | DEBUG    | core.utils.pdf_splitter:split_pdf:22 - Pagina 25 salva: pagina_025.pdf
2026-07-23 09:58:56 | DEBUG    | core.utils.pdf_splitter:split_pdf:22 - Pagina 26 salva: pagina_026.pdf
2026-07-23 09:58:56 | DEBUG    | core.utils.pdf_splitter:split_pdf:22 - Pagina 27 salva: pagina_027.pdf
2026-07-23 09:58:56 | DEBUG    | core.utils.pdf_splitter:split_pdf:22 - Pagina 28 salva: pagina_028.pdf
2026-07-23 09:58:56 | DEBUG    | core.utils.pdf_splitter:split_pdf:22 - Pagina 29 salva: pagina_029.pdf
2026-07-23 09:58:56 | DEBUG    | core.utils.pdf_splitter:split_pdf:22 - Pagina 30 salva: pagina_030.pdf
2026-07-23 09:58:56 | DEBUG    | core.utils.pdf_splitter:split_pdf:22 - Pagina 31 salva: pagina_031.pdf
2026-07-23 09:58:56 | DEBUG    | core.utils.pdf_splitter:split_pdf:22 - Pagina 32 salva: pagina_032.pdf
2026-07-23 09:58:56 | DEBUG    | core.utils.pdf_splitter:split_pdf:22 - Pagina 33 salva: pagina_033.pdf
2026-07-23 09:58:56 | DEBUG    | core.utils.pdf_splitter:split_pdf:22 - Pagina 34 salva: pagina_034.pdf
2026-07-23 09:58:56 | DEBUG    | core.utils.pdf_splitter:split_pdf:22 - Pagina 35 salva: pagina_035.pdf
2026-07-23 09:58:56 | DEBUG    | core.utils.pdf_splitter:split_pdf:22 - Pagina 36 salva: pagina_036.pdf
2026-07-23 09:58:56 | DEBUG    | core.utils.pdf_splitter:split_pdf:22 - Pagina 37 salva: pagina_037.pdf
2026-07-23 09:58:56 | DEBUG    | core.utils.pdf_splitter:split_pdf:22 - Pagina 38 salva: pagina_038.pdf
2026-07-23 09:58:56 | DEBUG    | core.utils.pdf_splitter:split_pdf:22 - Pagina 39 salva: pagina_039.pdf
2026-07-23 09:58:56 | DEBUG    | core.utils.pdf_splitter:split_pdf:22 - Pagina 40 salva: pagina_040.pdf
2026-07-23 09:58:56 | DEBUG    | core.utils.pdf_splitter:split_pdf:22 - Pagina 41 salva: pagina_041.pdf
2026-07-23 09:58:56 | DEBUG    | core.utils.pdf_splitter:split_pdf:22 - Pagina 42 salva: pagina_042.pdf
2026-07-23 09:58:56 | DEBUG    | core.utils.pdf_splitter:split_pdf:22 - Pagina 43 salva: pagina_043.pdf
2026-07-23 09:58:56 | DEBUG    | core.utils.pdf_splitter:split_pdf:22 - Pagina 44 salva: pagina_044.pdf
2026-07-23 09:58:56 | DEBUG    | core.utils.pdf_splitter:split_pdf:22 - Pagina 45 salva: pagina_045.pdf
2026-07-23 09:58:56 | DEBUG    | core.utils.pdf_splitter:split_pdf:22 - Pagina 46 salva: pagina_046.pdf
2026-07-23 09:58:56 | DEBUG    | core.utils.pdf_splitter:split_pdf:22 - Pagina 47 salva: pagina_047.pdf
2026-07-23 09:58:56 | DEBUG    | core.utils.pdf_splitter:split_pdf:22 - Pagina 48 salva: pagina_048.pdf
2026-07-23 09:58:56 | DEBUG    | core.utils.pdf_splitter:split_pdf:22 - Pagina 49 salva: pagina_049.pdf
2026-07-23 09:58:56 | DEBUG    | core.utils.pdf_splitter:split_pdf:22 - Pagina 50 salva: pagina_050.pdf
2026-07-23 09:58:56 | DEBUG    | core.utils.pdf_splitter:split_pdf:22 - Pagina 51 salva: pagina_051.pdf
2026-07-23 09:58:56 | DEBUG    | core.utils.pdf_splitter:split_pdf:22 - Pagina 52 salva: pagina_052.pdf
2026-07-23 09:58:56 | DEBUG    | core.utils.pdf_splitter:split_pdf:22 - Pagina 53 salva: pagina_053.pdf
2026-07-23 09:58:56 | DEBUG    | core.utils.pdf_splitter:split_pdf:22 - Pagina 54 salva: pagina_054.pdf
2026-07-23 09:58:56 | DEBUG    | core.utils.pdf_splitter:split_pdf:22 - Pagina 55 salva: pagina_055.pdf
2026-07-23 09:58:56 | DEBUG    | core.utils.pdf_splitter:split_pdf:22 - Pagina 56 salva: pagina_056.pdf
2026-07-23 09:58:56 | DEBUG    | core.utils.pdf_splitter:split_pdf:22 - Pagina 57 salva: pagina_057.pdf
2026-07-23 09:58:56 | DEBUG    | core.utils.pdf_splitter:split_pdf:22 - Pagina 58 salva: pagina_058.pdf
2026-07-23 09:58:56 | DEBUG    | core.utils.pdf_splitter:split_pdf:22 - Pagina 59 salva: pagina_059.pdf
2026-07-23 09:58:56 | DEBUG    | core.utils.pdf_splitter:split_pdf:22 - Pagina 60 salva: pagina_060.pdf
2026-07-23 09:58:56 | DEBUG    | core.utils.pdf_splitter:split_pdf:22 - Pagina 61 salva: pagina_061.pdf
2026-07-23 09:58:56 | DEBUG    | core.utils.pdf_splitter:split_pdf:22 - Pagina 62 salva: pagina_062.pdf
2026-07-23 09:58:56 | DEBUG    | core.utils.pdf_splitter:split_pdf:22 - Pagina 63 salva: pagina_063.pdf
2026-07-23 09:58:56 | DEBUG    | core.utils.pdf_splitter:split_pdf:22 - Pagina 64 salva: pagina_064.pdf
2026-07-23 09:58:56 | DEBUG    | core.utils.pdf_splitter:split_pdf:22 - Pagina 65 salva: pagina_065.pdf
2026-07-23 09:58:56 | DEBUG    | core.utils.pdf_splitter:split_pdf:22 - Pagina 66 salva: pagina_066.pdf
2026-07-23 09:58:56 | DEBUG    | core.utils.pdf_splitter:split_pdf:22 - Pagina 67 salva: pagina_067.pdf
2026-07-23 09:58:56 | DEBUG    | core.utils.pdf_splitter:split_pdf:22 - Pagina 68 salva: pagina_068.pdf
2026-07-23 09:58:56 | DEBUG    | core.utils.pdf_splitter:split_pdf:22 - Pagina 69 salva: pagina_069.pdf
2026-07-23 09:58:56 | DEBUG    | core.utils.pdf_splitter:split_pdf:22 - Pagina 70 salva: pagina_070.pdf
2026-07-23 09:58:56 | DEBUG    | core.utils.pdf_splitter:split_pdf:22 - Pagina 71 salva: pagina_071.pdf
2026-07-23 09:58:56 | DEBUG    | core.utils.pdf_splitter:split_pdf:22 - Pagina 72 salva: pagina_072.pdf
2026-07-23 09:58:56 | DEBUG    | core.utils.pdf_splitter:split_pdf:22 - Pagina 73 salva: pagina_073.pdf
2026-07-23 09:58:56 | DEBUG    | core.utils.pdf_splitter:split_pdf:22 - Pagina 74 salva: pagina_074.pdf
2026-07-23 09:58:56 | DEBUG    | core.utils.pdf_splitter:split_pdf:22 - Pagina 75 salva: pagina_075.pdf
2026-07-23 09:58:56 | DEBUG    | core.utils.pdf_splitter:split_pdf:22 - Pagina 76 salva: pagina_076.pdf
2026-07-23 09:58:56 | DEBUG    | core.utils.pdf_splitter:split_pdf:22 - Pagina 77 salva: pagina_077.pdf
2026-07-23 09:58:56 | DEBUG    | core.utils.pdf_splitter:split_pdf:22 - Pagina 78 salva: pagina_078.pdf
2026-07-23 09:58:56 | DEBUG    | core.utils.pdf_splitter:split_pdf:22 - Pagina 79 salva: pagina_079.pdf
2026-07-23 09:58:56 | DEBUG    | core.utils.pdf_splitter:split_pdf:22 - Pagina 80 salva: pagina_080.pdf
2026-07-23 09:58:56 | DEBUG    | core.utils.pdf_splitter:split_pdf:22 - Pagina 81 salva: pagina_081.pdf
2026-07-23 09:58:56 | DEBUG    | core.utils.pdf_splitter:split_pdf:22 - Pagina 82 salva: pagina_082.pdf
2026-07-23 09:58:56 | DEBUG    | core.utils.pdf_splitter:split_pdf:22 - Pagina 83 salva: pagina_083.pdf
2026-07-23 09:58:56 | DEBUG    | core.utils.pdf_splitter:split_pdf:22 - Pagina 84 salva: pagina_084.pdf
2026-07-23 09:58:56 | DEBUG    | core.utils.pdf_splitter:split_pdf:22 - Pagina 85 salva: pagina_085.pdf
2026-07-23 09:58:56 | DEBUG    | core.utils.pdf_splitter:split_pdf:22 - Pagina 86 salva: pagina_086.pdf
2026-07-23 09:58:56 | DEBUG    | core.utils.pdf_splitter:split_pdf:22 - Pagina 87 salva: pagina_087.pdf
2026-07-23 09:58:56 | DEBUG    | core.utils.pdf_splitter:split_pdf:22 - Pagina 88 salva: pagina_088.pdf
2026-07-23 09:58:56 | DEBUG    | core.utils.pdf_splitter:split_pdf:22 - Pagina 89 salva: pagina_089.pdf
2026-07-23 09:58:56 | DEBUG    | core.utils.pdf_splitter:split_pdf:22 - Pagina 90 salva: pagina_090.pdf
2026-07-23 09:58:56 | DEBUG    | core.utils.pdf_splitter:split_pdf:22 - Pagina 91 salva: pagina_091.pdf
2026-07-23 09:58:56 | DEBUG    | core.utils.pdf_splitter:split_pdf:22 - Pagina 92 salva: pagina_092.pdf
2026-07-23 09:58:56 | DEBUG    | core.utils.pdf_splitter:split_pdf:22 - Pagina 93 salva: pagina_093.pdf
2026-07-23 09:58:56 | DEBUG    | core.utils.pdf_splitter:split_pdf:22 - Pagina 94 salva: pagina_094.pdf
2026-07-23 09:58:56 | DEBUG    | core.utils.pdf_splitter:split_pdf:22 - Pagina 95 salva: pagina_095.pdf
2026-07-23 09:58:56 | DEBUG    | core.utils.pdf_splitter:split_pdf:22 - Pagina 96 salva: pagina_096.pdf
2026-07-23 09:58:56 | DEBUG    | core.utils.pdf_splitter:split_pdf:22 - Pagina 97 salva: pagina_097.pdf
2026-07-23 09:58:56 | DEBUG    | core.utils.pdf_splitter:split_pdf:22 - Pagina 98 salva: pagina_098.pdf
2026-07-23 09:58:56 | DEBUG    | core.utils.pdf_splitter:split_pdf:22 - Pagina 99 salva: pagina_099.pdf
2026-07-23 09:58:56 | DEBUG    | core.utils.pdf_splitter:split_pdf:22 - Pagina 100 salva: pagina_100.pdf
2026-07-23 09:58:56 | DEBUG    | core.utils.pdf_splitter:split_pdf:22 - Pagina 101 salva: pagina_101.pdf
2026-07-23 09:58:56 | DEBUG    | core.utils.pdf_splitter:split_pdf:22 - Pagina 102 salva: pagina_102.pdf
2026-07-23 09:58:56 | DEBUG    | core.utils.pdf_splitter:split_pdf:22 - Pagina 103 salva: pagina_103.pdf
2026-07-23 09:58:56 | DEBUG    | core.utils.pdf_splitter:split_pdf:22 - Pagina 104 salva: pagina_104.pdf
2026-07-23 09:58:56 | DEBUG    | core.utils.pdf_splitter:split_pdf:22 - Pagina 105 salva: pagina_105.pdf
2026-07-23 09:58:56 | DEBUG    | core.utils.pdf_splitter:split_pdf:22 - Pagina 106 salva: pagina_106.pdf
2026-07-23 09:58:56 | DEBUG    | core.utils.pdf_splitter:split_pdf:22 - Pagina 107 salva: pagina_107.pdf
2026-07-23 09:58:56 | DEBUG    | core.utils.pdf_splitter:split_pdf:22 - Pagina 108 salva: pagina_108.pdf
2026-07-23 09:58:56 | DEBUG    | core.utils.pdf_splitter:split_pdf:22 - Pagina 109 salva: pagina_109.pdf
2026-07-23 09:58:56 | DEBUG    | core.utils.pdf_splitter:split_pdf:22 - Pagina 110 salva: pagina_110.pdf
2026-07-23 09:58:56 | DEBUG    | core.utils.pdf_splitter:split_pdf:22 - Pagina 111 salva: pagina_111.pdf
2026-07-23 09:58:56 | INFO     | core.utils.pdf_splitter:split_pdf:24 - 111 paginas extraidas para C:\Users\JHONATA\AppData\Local\Temp\a11y-devs-describer\temp\uploads
2026-07-23 09:58:56 | INFO     | core.agents.agente_unico:executar:244 - Processando 111 pagina(s) para 86a0ed0c344a47cebbd1c4c2620ed433.pdf com structurer=DoclingStructurer
2026-07-23 09:58:56 | DEBUG    | interfaces.web.app:silent_status:131 - Web Pipeline Status [Roberto_DaMatta_-_O_que_faz_o_brasil__Brasil.pdf]: 📷 Processando pagina 1 de 111...
2026-07-23 10:01:26 | INFO     | core.structurer:_process_document:70 - Docling processou pagina_001.pdf em 149.7s
2026-07-23 10:01:26 | INFO     | core.agents.agente_unico:_process_pdf_page:383 - [pag 1] Extraidas 2 regioes na pagina (structurer=DoclingStructurer)
2026-07-23 10:01:26 | INFO     | core.agents.agente_unico:_process_with_vision_by_regions:487 - [pag 1] Regiao 1 - tipo=embedded_image, bbox=(81.74440002441406, 102.81053161621094, 511.15673828125, 691.545654296875)
2026-07-23 10:01:32 | DEBUG    | core.utils.image_enhancer:resize_image:22 - Imagem redimensionada: 1193x1636 -> 980x1344
2026-07-23 10:01:32 | DEBUG    | core.agents.agente_unico:_process_region_with_vision:568 - [pag 1] Enviando regiao para visao (182701 bytes, tipo=embedded_image)
2026-07-23 10:01:32 | DEBUG    | core.ai.openrouter:send_message:70 - Enviando requisicao para OpenRouter (tentativa 1/5): modelo=nvidia/nemotron-nano-12b-v2-vl, image_count=1
2026-07-23 10:01:38 | INFO     | core.agents.agente_unico:_process_with_vision_by_regions:487 - [pag 1] Regiao 3 - tipo=embedded_image, bbox=(382.0860290527344, 678.402099609375, 443.2290344238281, 701.3701171875)
2026-07-23 10:01:38 | DEBUG    | core.agents.agente_unico:_process_region_with_vision:568 - [pag 1] Enviando regiao para visao (3046 bytes, tipo=embedded_image)
2026-07-23 10:01:38 | DEBUG    | core.ai.openrouter:send_message:70 - Enviando requisicao para OpenRouter (tentativa 1/5): modelo=nvidia/nemotron-nano-12b-v2-vl, image_count=1
2026-07-23 10:01:40 | INFO     | core.agents.agente_unico:_process_with_vision_by_regions:528 - [pag 1] 2 regioes (0, 2 visao sequencial)
2026-07-23 10:01:40 | DEBUG    | core.services.cache:set_cache:74 - Cache set: 92e1a1a3419f6d31_page_1_normal
2026-07-23 10:01:40 | INFO     | core.agents.agente_unico:executar:298 - Resposta da pagina 1 salva em imagen001.txt
2026-07-23 10:01:40 | DEBUG    | interfaces.web.app:silent_status:131 - Web Pipeline Status [Roberto_DaMatta_-_O_que_faz_o_brasil__Brasil.pdf]: 📷 Processando pagina 2 de 111...
2026-07-23 10:02:04 | INFO     | core.structurer:_process_document:70 - Docling processou pagina_002.pdf em 24.1s
2026-07-23 10:02:04 | INFO     | core.agents.agente_unico:_process_pdf_page:383 - [pag 2] Extraidas 4 regioes na pagina (structurer=DoclingStructurer)
2026-07-23 10:02:04 | INFO     | core.agents.agente_unico:_process_pdf_page:417 - [pag 2] 4 regioes de texto limpo (sem IA de visao)
2026-07-23 10:02:04 | DEBUG    | core.services.cache:set_cache:74 - Cache set: d3c3e7ccbace1a5c_page_2_normal
2026-07-23 10:02:04 | INFO     | core.agents.agente_unico:executar:298 - Resposta da pagina 2 salva em imagen002.txt
2026-07-23 10:02:04 | DEBUG    | interfaces.web.app:silent_status:131 - Web Pipeline Status [Roberto_DaMatta_-_O_que_faz_o_brasil__Brasil.pdf]: 📷 Processando pagina 3 de 111...
2026-07-23 10:02:05 | INFO     | core.structurer:_process_document:70 - Docling processou pagina_003.pdf em 1.2s
2026-07-23 10:02:05 | INFO     | core.agents.agente_unico:_process_pdf_page:383 - [pag 3] Extraidas 1 regioes na pagina (structurer=DoclingStructurer)
2026-07-23 10:02:05 | INFO     | core.agents.agente_unico:_process_pdf_page:417 - [pag 3] 1 regioes de texto limpo (sem IA de visao)
2026-07-23 10:02:05 | DEBUG    | core.services.cache:set_cache:74 - Cache set: bcdfb27a131a26c4_page_3_normal
2026-07-23 10:02:05 | INFO     | core.agents.agente_unico:executar:298 - Resposta da pagina 3 salva em imagen003.txt
2026-07-23 10:02:05 | DEBUG    | interfaces.web.app:silent_status:131 - Web Pipeline Status [Roberto_DaMatta_-_O_que_faz_o_brasil__Brasil.pdf]: 📷 Processando pagina 4 de 111...
2026-07-23 10:02:06 | INFO     | core.structurer:_process_document:70 - Docling processou pagina_004.pdf em 1.2s
2026-07-23 10:02:06 | INFO     | core.agents.agente_unico:_process_pdf_page:383 - [pag 4] Extraidas 2 regioes na pagina (structurer=DoclingStructurer)
2026-07-23 10:02:06 | INFO     | core.agents.agente_unico:_process_pdf_page:417 - [pag 4] 2 regioes de texto limpo (sem IA de visao)
2026-07-23 10:02:06 | DEBUG    | core.services.cache:set_cache:74 - Cache set: dd9b6bad0e2545c7_page_4_normal
2026-07-23 10:02:06 | INFO     | core.agents.agente_unico:executar:298 - Resposta da pagina 4 salva em imagen004.txt
2026-07-23 10:02:06 | DEBUG    | interfaces.web.app:silent_status:131 - Web Pipeline Status [Roberto_DaMatta_-_O_que_faz_o_brasil__Brasil.pdf]: 📷 Processando pagina 5 de 111...
2026-07-23 10:02:08 | INFO     | core.structurer:_process_document:70 - Docling processou pagina_005.pdf em 1.3s
2026-07-23 10:02:08 | INFO     | core.agents.agente_unico:_process_pdf_page:383 - [pag 5] Extraidas 16 regioes na pagina (structurer=DoclingStructurer)
2026-07-23 10:02:08 | INFO     | core.agents.agente_unico:_process_with_vision_by_regions:528 - [pag 5] 16 regioes (16, 0 visao sequencial)
2026-07-23 10:02:08 | DEBUG    | core.services.cache:set_cache:74 - Cache set: a36bc2fbf57e6eaf_page_5_normal
2026-07-23 10:02:08 | INFO     | core.agents.agente_unico:executar:298 - Resposta da pagina 5 salva em imagen005.txt
2026-07-23 10:02:08 | DEBUG    | interfaces.web.app:silent_status:131 - Web Pipeline Status [Roberto_DaMatta_-_O_que_faz_o_brasil__Brasil.pdf]: 📷 Processando pagina 6 de 111...
2026-07-23 10:02:09 | INFO     | core.structurer:_process_document:70 - Docling processou pagina_006.pdf em 1.2s
2026-07-23 10:02:09 | INFO     | core.agents.agente_unico:_process_pdf_page:383 - [pag 6] Extraidas 2 regioes na pagina (structurer=DoclingStructurer)
2026-07-23 10:02:09 | INFO     | core.agents.agente_unico:_process_pdf_page:417 - [pag 6] 2 regioes de texto limpo (sem IA de visao)
2026-07-23 10:02:09 | DEBUG    | core.services.cache:set_cache:74 - Cache set: c21fb597773786c6_page_6_normal
2026-07-23 10:02:09 | INFO     | core.agents.agente_unico:executar:298 - Resposta da pagina 6 salva em imagen006.txt
2026-07-23 10:02:09 | DEBUG    | interfaces.web.app:silent_status:131 - Web Pipeline Status [Roberto_DaMatta_-_O_que_faz_o_brasil__Brasil.pdf]: 📷 Processando pagina 7 de 111...
2026-07-23 10:02:10 | INFO     | core.structurer:_process_document:70 - Docling processou pagina_007.pdf em 1.2s
2026-07-23 10:02:10 | INFO     | core.agents.agente_unico:_process_pdf_page:383 - [pag 7] Extraidas 2 regioes na pagina (structurer=DoclingStructurer)
2026-07-23 10:02:10 | INFO     | core.agents.agente_unico:_process_pdf_page:417 - [pag 7] 2 regioes de texto limpo (sem IA de visao)
2026-07-23 10:02:10 | DEBUG    | core.services.cache:set_cache:74 - Cache set: fc0d584c4ea2971f_page_7_normal
2026-07-23 10:02:10 | INFO     | core.agents.agente_unico:executar:298 - Resposta da pagina 7 salva em imagen007.txt
2026-07-23 10:02:10 | DEBUG    | interfaces.web.app:silent_status:131 - Web Pipeline Status [Roberto_DaMatta_-_O_que_faz_o_brasil__Brasil.pdf]: 📷 Processando pagina 8 de 111...
2026-07-23 10:02:13 | INFO     | core.structurer:_process_document:70 - Docling processou pagina_008.pdf em 3.0s
2026-07-23 10:02:13 | INFO     | core.agents.agente_unico:_process_pdf_page:383 - [pag 8] Extraidas 3 regioes na pagina (structurer=DoclingStructurer)
2026-07-23 10:02:13 | INFO     | core.agents.agente_unico:_process_with_vision_by_regions:487 - [pag 8] Regiao 1 - tipo=embedded_image, bbox=(273.4549255371094, 68.92545318603516, 320.7542724609375, 135.679443359375)
2026-07-23 10:02:13 | DEBUG    | core.agents.agente_unico:_process_region_with_vision:568 - [pag 8] Enviando regiao para visao (6807 bytes, tipo=embedded_image)
2026-07-23 10:02:13 | DEBUG    | core.ai.openrouter:send_message:70 - Enviando requisicao para OpenRouter (tentativa 1/5): modelo=nvidia/nemotron-nano-12b-v2-vl, image_count=1
2026-07-23 10:02:17 | INFO     | core.agents.agente_unico:_process_with_vision_by_regions:487 - [pag 8] Regiao 4 - tipo=embedded_image, bbox=(157.74603271484375, 254.6445770263672, 436.5259094238281, 548.0718383789062)
2026-07-23 10:02:19 | DEBUG    | core.agents.agente_unico:_process_region_with_vision:568 - [pag 8] Enviando regiao para visao (68424 bytes, tipo=embedded_image)
2026-07-23 10:02:19 | DEBUG    | core.ai.openrouter:send_message:70 - Enviando requisicao para OpenRouter (tentativa 1/5): modelo=nvidia/nemotron-nano-12b-v2-vl, image_count=1
2026-07-23 10:02:25 | INFO     | core.agents.agente_unico:_process_with_vision_by_regions:528 - [pag 8] 3 regioes (1, 2 visao sequencial)
2026-07-23 10:02:25 | DEBUG    | core.services.cache:set_cache:74 - Cache set: 5f7c46367e66c5ab_page_8_normal
2026-07-23 10:02:25 | INFO     | core.agents.agente_unico:executar:298 - Resposta da pagina 8 salva em imagen008.txt
2026-07-23 10:02:25 | DEBUG    | interfaces.web.app:silent_status:131 - Web Pipeline Status [Roberto_DaMatta_-_O_que_faz_o_brasil__Brasil.pdf]: 📷 Processando pagina 9 de 111...
2026-07-23 10:02:26 | INFO     | core.structurer:_process_document:70 - Docling processou pagina_009.pdf em 1.2s
2026-07-23 10:02:26 | INFO     | core.agents.agente_unico:_process_pdf_page:383 - [pag 9] Extraidas 1 regioes na pagina (structurer=DoclingStructurer)
2026-07-23 10:02:26 | INFO     | core.agents.agente_unico:_process_pdf_page:417 - [pag 9] 1 regioes de texto limpo (sem IA de visao)
2026-07-23 10:02:26 | DEBUG    | core.services.cache:set_cache:74 - Cache set: a28f1b4f782102d4_page_9_normal
2026-07-23 10:02:27 | INFO     | core.agents.agente_unico:executar:298 - Resposta da pagina 9 salva em imagen009.txt
2026-07-23 10:02:27 | DEBUG    | interfaces.web.app:silent_status:131 - Web Pipeline Status [Roberto_DaMatta_-_O_que_faz_o_brasil__Brasil.pdf]: 📷 Processando pagina 10 de 111...
2026-07-23 10:02:28 | INFO     | core.structurer:_process_document:70 - Docling processou pagina_010.pdf em 1.3s
2026-07-23 10:02:28 | INFO     | core.agents.agente_unico:_process_pdf_page:383 - [pag 10] Extraidas 1 regioes na pagina (structurer=DoclingStructurer)
2026-07-23 10:02:28 | INFO     | core.agents.agente_unico:_process_pdf_page:417 - [pag 10] 1 regioes de texto limpo (sem IA de visao)
2026-07-23 10:02:28 | DEBUG    | core.services.cache:set_cache:74 - Cache set: c7bcc7d6ccb05c3a_page_10_normal
2026-07-23 10:02:28 | INFO     | core.agents.agente_unico:executar:298 - Resposta da pagina 10 salva em imagen010.txt
2026-07-23 10:02:28 | DEBUG    | interfaces.web.app:silent_status:131 - Web Pipeline Status [Roberto_DaMatta_-_O_que_faz_o_brasil__Brasil.pdf]: 📷 Processando pagina 11 de 111...
2026-07-23 10:02:29 | INFO     | core.structurer:_process_document:70 - Docling processou pagina_011.pdf em 1.3s
2026-07-23 10:02:29 | INFO     | core.agents.agente_unico:_process_pdf_page:383 - [pag 11] Extraidas 1 regioes na pagina (structurer=DoclingStructurer)
2026-07-23 10:02:29 | INFO     | core.agents.agente_unico:_process_pdf_page:417 - [pag 11] 1 regioes de texto limpo (sem IA de visao)
2026-07-23 10:02:29 | DEBUG    | core.services.cache:set_cache:74 - Cache set: 82993126ff560322_page_11_normal
2026-07-23 10:02:29 | INFO     | core.agents.agente_unico:executar:298 - Resposta da pagina 11 salva em imagen011.txt
2026-07-23 10:02:29 | DEBUG    | interfaces.web.app:silent_status:131 - Web Pipeline Status [Roberto_DaMatta_-_O_que_faz_o_brasil__Brasil.pdf]: 📷 Processando pagina 12 de 111...
2026-07-23 10:02:30 | INFO     | core.structurer:_process_document:70 - Docling processou pagina_012.pdf em 1.3s
2026-07-23 10:02:30 | INFO     | core.agents.agente_unico:_process_pdf_page:383 - [pag 12] Extraidas 1 regioes na pagina (structurer=DoclingStructurer)
2026-07-23 10:02:30 | INFO     | core.agents.agente_unico:_process_pdf_page:417 - [pag 12] 1 regioes de texto limpo (sem IA de visao)
2026-07-23 10:02:30 | DEBUG    | core.services.cache:set_cache:74 - Cache set: d27b100204eeb3ee_page_12_normal
2026-07-23 10:02:30 | INFO     | core.agents.agente_unico:executar:298 - Resposta da pagina 12 salva em imagen012.txt
2026-07-23 10:02:30 | DEBUG    | interfaces.web.app:silent_status:131 - Web Pipeline Status [Roberto_DaMatta_-_O_que_faz_o_brasil__Brasil.pdf]: 📷 Processando pagina 13 de 111...
2026-07-23 10:02:32 | INFO     | core.structurer:_process_document:70 - Docling processou pagina_013.pdf em 1.2s
2026-07-23 10:02:32 | INFO     | core.agents.agente_unico:_process_pdf_page:383 - [pag 13] Extraidas 1 regioes na pagina (structurer=DoclingStructurer)
2026-07-23 10:02:32 | INFO     | core.agents.agente_unico:_process_pdf_page:417 - [pag 13] 1 regioes de texto limpo (sem IA de visao)
2026-07-23 10:02:32 | DEBUG    | core.services.cache:set_cache:74 - Cache set: 3323e627429760f3_page_13_normal
2026-07-23 10:02:32 | INFO     | core.agents.agente_unico:executar:298 - Resposta da pagina 13 salva em imagen013.txt
2026-07-23 10:02:32 | DEBUG    | interfaces.web.app:silent_status:131 - Web Pipeline Status [Roberto_DaMatta_-_O_que_faz_o_brasil__Brasil.pdf]: 📷 Processando pagina 14 de 111...
2026-07-23 10:02:33 | INFO     | core.structurer:_process_document:70 - Docling processou pagina_014.pdf em 1.2s
2026-07-23 10:02:33 | INFO     | core.agents.agente_unico:_process_pdf_page:383 - [pag 14] Extraidas 1 regioes na pagina (structurer=DoclingStructurer)
2026-07-23 10:02:33 | INFO     | core.agents.agente_unico:_process_pdf_page:417 - [pag 14] 1 regioes de texto limpo (sem IA de visao)
2026-07-23 10:02:33 | DEBUG    | core.services.cache:set_cache:74 - Cache set: e56189ae0dc132b0_page_14_normal
2026-07-23 10:02:33 | INFO     | core.agents.agente_unico:executar:298 - Resposta da pagina 14 salva em imagen014.txt
2026-07-23 10:02:33 | DEBUG    | interfaces.web.app:silent_status:131 - Web Pipeline Status [Roberto_DaMatta_-_O_que_faz_o_brasil__Brasil.pdf]: 📷 Processando pagina 15 de 111...
2026-07-23 10:02:34 | INFO     | core.structurer:_process_document:70 - Docling processou pagina_015.pdf em 1.2s
2026-07-23 10:02:34 | INFO     | core.agents.agente_unico:_process_pdf_page:383 - [pag 15] Extraidas 1 regioes na pagina (structurer=DoclingStructurer)
2026-07-23 10:02:34 | INFO     | core.agents.agente_unico:_process_pdf_page:417 - [pag 15] 1 regioes de texto limpo (sem IA de visao)
2026-07-23 10:02:34 | DEBUG    | core.services.cache:set_cache:74 - Cache set: 4c25a433cfbca7e3_page_15_normal
2026-07-23 10:02:34 | INFO     | core.agents.agente_unico:executar:298 - Resposta da pagina 15 salva em imagen015.txt
2026-07-23 10:02:34 | DEBUG    | interfaces.web.app:silent_status:131 - Web Pipeline Status [Roberto_DaMatta_-_O_que_faz_o_brasil__Brasil.pdf]: 📷 Processando pagina 16 de 111...
2026-07-23 10:02:35 | INFO     | core.structurer:_process_document:70 - Docling processou pagina_016.pdf em 1.2s
2026-07-23 10:02:35 | INFO     | core.agents.agente_unico:_process_pdf_page:383 - [pag 16] Extraidas 1 regioes na pagina (structurer=DoclingStructurer)
2026-07-23 10:02:35 | INFO     | core.agents.agente_unico:_process_pdf_page:417 - [pag 16] 1 regioes de texto limpo (sem IA de visao)
2026-07-23 10:02:35 | DEBUG    | core.services.cache:set_cache:74 - Cache set: 82dcbe39f6a3a78c_page_16_normal
2026-07-23 10:02:35 | INFO     | core.agents.agente_unico:executar:298 - Resposta da pagina 16 salva em imagen016.txt
2026-07-23 10:02:35 | DEBUG    | interfaces.web.app:silent_status:131 - Web Pipeline Status [Roberto_DaMatta_-_O_que_faz_o_brasil__Brasil.pdf]: 📷 Processando pagina 17 de 111...
2026-07-23 10:02:37 | INFO     | core.structurer:_process_document:70 - Docling processou pagina_017.pdf em 1.3s
2026-07-23 10:02:37 | INFO     | core.agents.agente_unico:_process_pdf_page:383 - [pag 17] Extraidas 1 regioes na pagina (structurer=DoclingStructurer)
2026-07-23 10:02:37 | INFO     | core.agents.agente_unico:_process_pdf_page:417 - [pag 17] 1 regioes de texto limpo (sem IA de visao)
2026-07-23 10:02:37 | DEBUG    | core.services.cache:set_cache:74 - Cache set: 046b71f75bf1cae7_page_17_normal
2026-07-23 10:02:37 | INFO     | core.agents.agente_unico:executar:298 - Resposta da pagina 17 salva em imagen017.txt
2026-07-23 10:02:37 | DEBUG    | interfaces.web.app:silent_status:131 - Web Pipeline Status [Roberto_DaMatta_-_O_que_faz_o_brasil__Brasil.pdf]: 📷 Processando pagina 18 de 111...
2026-07-23 10:02:40 | INFO     | core.structurer:_process_document:70 - Docling processou pagina_018.pdf em 3.2s
2026-07-23 10:02:40 | INFO     | core.agents.agente_unico:_process_pdf_page:383 - [pag 18] Extraidas 3 regioes na pagina (structurer=DoclingStructurer)
2026-07-23 10:02:40 | INFO     | core.agents.agente_unico:_process_with_vision_by_regions:487 - [pag 18] Regiao 1 - tipo=embedded_image, bbox=(263.4053039550781, 68.29454040527344, 332.1000671386719, 143.65008544921875)
2026-07-23 10:02:40 | DEBUG    | core.agents.agente_unico:_process_region_with_vision:568 - [pag 18] Enviando regiao para visao (13059 bytes, tipo=embedded_image)
2026-07-23 10:02:40 | DEBUG    | core.ai.openrouter:send_message:70 - Enviando requisicao para OpenRouter (tentativa 1/5): modelo=nvidia/nemotron-nano-12b-v2-vl, image_count=1
2026-07-23 10:02:45 | INFO     | core.agents.agente_unico:_process_with_vision_by_regions:487 - [pag 18] Regiao 4 - tipo=embedded_image, bbox=(136.18698120117188, 239.07423400878906, 457.9925231933594, 499.0481262207031)
2026-07-23 10:02:47 | DEBUG    | core.agents.agente_unico:_process_region_with_vision:568 - [pag 18] Enviando regiao para visao (131057 bytes, tipo=embedded_image)
2026-07-23 10:02:47 | DEBUG    | core.ai.openrouter:send_message:70 - Enviando requisicao para OpenRouter (tentativa 1/5): modelo=nvidia/nemotron-nano-12b-v2-vl, image_count=1
2026-07-23 10:02:54 | INFO     | core.agents.agente_unico:_process_with_vision_by_regions:528 - [pag 18] 3 regioes (1, 2 visao sequencial)
2026-07-23 10:02:54 | DEBUG    | core.services.cache:set_cache:74 - Cache set: 01337ba50ec77e13_page_18_normal
2026-07-23 10:02:54 | INFO     | core.agents.agente_unico:executar:298 - Resposta da pagina 18 salva em imagen018.txt
2026-07-23 10:02:54 | DEBUG    | interfaces.web.app:silent_status:131 - Web Pipeline Status [Roberto_DaMatta_-_O_que_faz_o_brasil__Brasil.pdf]: 📷 Processando pagina 19 de 111...
2026-07-23 10:02:55 | INFO     | core.structurer:_process_document:70 - Docling processou pagina_019.pdf em 1.2s
2026-07-23 10:02:55 | INFO     | core.agents.agente_unico:_process_pdf_page:383 - [pag 19] Extraidas 1 regioes na pagina (structurer=DoclingStructurer)
2026-07-23 10:02:55 | INFO     | core.agents.agente_unico:_process_pdf_page:417 - [pag 19] 1 regioes de texto limpo (sem IA de visao)
2026-07-23 10:02:55 | DEBUG    | core.services.cache:set_cache:74 - Cache set: eb0a438242e83b04_page_19_normal
2026-07-23 10:02:55 | INFO     | core.agents.agente_unico:executar:298 - Resposta da pagina 19 salva em imagen019.txt
2026-07-23 10:02:55 | DEBUG    | interfaces.web.app:silent_status:131 - Web Pipeline Status [Roberto_DaMatta_-_O_que_faz_o_brasil__Brasil.pdf]: 📷 Processando pagina 20 de 111...
2026-07-23 10:02:57 | INFO     | core.structurer:_process_document:70 - Docling processou pagina_020.pdf em 1.3s
2026-07-23 10:02:57 | INFO     | core.agents.agente_unico:_process_pdf_page:383 - [pag 20] Extraidas 1 regioes na pagina (structurer=DoclingStructurer)
2026-07-23 10:02:57 | INFO     | core.agents.agente_unico:_process_pdf_page:417 - [pag 20] 1 regioes de texto limpo (sem IA de visao)
2026-07-23 10:02:57 | DEBUG    | core.services.cache:set_cache:74 - Cache set: 6b4b05abcef001df_page_20_normal
2026-07-23 10:02:57 | INFO     | core.agents.agente_unico:executar:298 - Resposta da pagina 20 salva em imagen020.txt
2026-07-23 10:02:57 | DEBUG    | interfaces.web.app:silent_status:131 - Web Pipeline Status [Roberto_DaMatta_-_O_que_faz_o_brasil__Brasil.pdf]: 📷 Processando pagina 21 de 111...
2026-07-23 10:02:59 | INFO     | core.structurer:_process_document:70 - Docling processou pagina_021.pdf em 2.1s
2026-07-23 10:02:59 | INFO     | core.agents.agente_unico:_process_pdf_page:383 - [pag 21] Extraidas 4 regioes na pagina (structurer=DoclingStructurer)
2026-07-23 10:02:59 | INFO     | core.agents.agente_unico:_process_with_vision_by_regions:487 - [pag 21] Regiao 2 - tipo=embedded_image, bbox=(163.0500946044922, 157.01119995117188, 431.6543273925781, 426.6972351074219)
2026-07-23 10:03:01 | DEBUG    | core.agents.agente_unico:_process_region_with_vision:568 - [pag 21] Enviando regiao para visao (116311 bytes, tipo=embedded_image)
2026-07-23 10:03:01 | DEBUG    | core.ai.openrouter:send_message:70 - Enviando requisicao para OpenRouter (tentativa 1/5): modelo=nvidia/nemotron-nano-12b-v2-vl, image_count=1
2026-07-23 10:03:08 | INFO     | core.agents.agente_unico:_process_with_vision_by_regions:528 - [pag 21] 4 regioes (3, 1 visao sequencial)
2026-07-23 10:03:08 | DEBUG    | core.services.cache:set_cache:74 - Cache set: 75ccec28a4713050_page_21_normal
2026-07-23 10:03:08 | INFO     | core.agents.agente_unico:executar:298 - Resposta da pagina 21 salva em imagen021.txt
2026-07-23 10:03:08 | DEBUG    | interfaces.web.app:silent_status:131 - Web Pipeline Status [Roberto_DaMatta_-_O_que_faz_o_brasil__Brasil.pdf]: 📷 Processando pagina 22 de 111...
2026-07-23 10:03:09 | INFO     | core.structurer:_process_document:70 - Docling processou pagina_022.pdf em 1.2s
2026-07-23 10:03:09 | INFO     | core.agents.agente_unico:_process_pdf_page:383 - [pag 22] Extraidas 1 regioes na pagina (structurer=DoclingStructurer)
2026-07-23 10:03:09 | INFO     | core.agents.agente_unico:_process_pdf_page:417 - [pag 22] 1 regioes de texto limpo (sem IA de visao)
2026-07-23 10:03:09 | DEBUG    | core.services.cache:set_cache:74 - Cache set: 8d9789f0a0e120e3_page_22_normal
2026-07-23 10:03:09 | INFO     | core.agents.agente_unico:executar:298 - Resposta da pagina 22 salva em imagen022.txt
2026-07-23 10:03:09 | DEBUG    | interfaces.web.app:silent_status:131 - Web Pipeline Status [Roberto_DaMatta_-_O_que_faz_o_brasil__Brasil.pdf]: 📷 Processando pagina 23 de 111...
2026-07-23 10:03:11 | INFO     | core.structurer:_process_document:70 - Docling processou pagina_023.pdf em 1.4s
2026-07-23 10:03:11 | INFO     | core.agents.agente_unico:_process_pdf_page:383 - [pag 23] Extraidas 1 regioes na pagina (structurer=DoclingStructurer)
2026-07-23 10:03:11 | INFO     | core.agents.agente_unico:_process_pdf_page:417 - [pag 23] 1 regioes de texto limpo (sem IA de visao)
2026-07-23 10:03:11 | DEBUG    | core.services.cache:set_cache:74 - Cache set: fda979075fca9983_page_23_normal
2026-07-23 10:03:11 | INFO     | core.agents.agente_unico:executar:298 - Resposta da pagina 23 salva em imagen023.txt
2026-07-23 10:03:11 | DEBUG    | interfaces.web.app:silent_status:131 - Web Pipeline Status [Roberto_DaMatta_-_O_que_faz_o_brasil__Brasil.pdf]: 📷 Processando pagina 24 de 111...
2026-07-23 10:03:12 | INFO     | core.structurer:_process_document:70 - Docling processou pagina_024.pdf em 1.4s
2026-07-23 10:03:12 | INFO     | core.agents.agente_unico:_process_pdf_page:383 - [pag 24] Extraidas 1 regioes na pagina (structurer=DoclingStructurer)
2026-07-23 10:03:12 | INFO     | core.agents.agente_unico:_process_pdf_page:417 - [pag 24] 1 regioes de texto limpo (sem IA de visao)
2026-07-23 10:03:12 | DEBUG    | core.services.cache:set_cache:74 - Cache set: deca96ca237001de_page_24_normal
2026-07-23 10:03:12 | INFO     | core.agents.agente_unico:executar:298 - Resposta da pagina 24 salva em imagen024.txt
2026-07-23 10:03:12 | DEBUG    | interfaces.web.app:silent_status:131 - Web Pipeline Status [Roberto_DaMatta_-_O_que_faz_o_brasil__Brasil.pdf]: 📷 Processando pagina 25 de 111...
2026-07-23 10:03:13 | INFO     | core.structurer:_process_document:70 - Docling processou pagina_025.pdf em 1.3s
2026-07-23 10:03:13 | INFO     | core.agents.agente_unico:_process_pdf_page:383 - [pag 25] Extraidas 1 regioes na pagina (structurer=DoclingStructurer)
2026-07-23 10:03:13 | INFO     | core.agents.agente_unico:_process_pdf_page:417 - [pag 25] 1 regioes de texto limpo (sem IA de visao)
2026-07-23 10:03:13 | DEBUG    | core.services.cache:set_cache:74 - Cache set: db1e737354cc757d_page_25_normal
2026-07-23 10:03:13 | INFO     | core.agents.agente_unico:executar:298 - Resposta da pagina 25 salva em imagen025.txt
2026-07-23 10:03:13 | DEBUG    | interfaces.web.app:silent_status:131 - Web Pipeline Status [Roberto_DaMatta_-_O_que_faz_o_brasil__Brasil.pdf]: 📷 Processando pagina 26 de 111...
2026-07-23 10:03:15 | INFO     | core.structurer:_process_document:70 - Docling processou pagina_026.pdf em 1.3s
2026-07-23 10:03:15 | INFO     | core.agents.agente_unico:_process_pdf_page:383 - [pag 26] Extraidas 1 regioes na pagina (structurer=DoclingStructurer)
2026-07-23 10:03:15 | INFO     | core.agents.agente_unico:_process_pdf_page:417 - [pag 26] 1 regioes de texto limpo (sem IA de visao)
2026-07-23 10:03:15 | DEBUG    | core.services.cache:set_cache:74 - Cache set: 532893c2f1159827_page_26_normal
2026-07-23 10:03:15 | INFO     | core.agents.agente_unico:executar:298 - Resposta da pagina 26 salva em imagen026.txt
2026-07-23 10:03:15 | DEBUG    | interfaces.web.app:silent_status:131 - Web Pipeline Status [Roberto_DaMatta_-_O_que_faz_o_brasil__Brasil.pdf]: 📷 Processando pagina 27 de 111...
2026-07-23 10:03:16 | INFO     | core.structurer:_process_document:70 - Docling processou pagina_027.pdf em 1.3s
2026-07-23 10:03:16 | INFO     | core.agents.agente_unico:_process_pdf_page:383 - [pag 27] Extraidas 1 regioes na pagina (structurer=DoclingStructurer)
2026-07-23 10:03:16 | INFO     | core.agents.agente_unico:_process_pdf_page:417 - [pag 27] 1 regioes de texto limpo (sem IA de visao)
2026-07-23 10:03:16 | DEBUG    | core.services.cache:set_cache:74 - Cache set: 7d88325eda15e87d_page_27_normal
2026-07-23 10:03:16 | INFO     | core.agents.agente_unico:executar:298 - Resposta da pagina 27 salva em imagen027.txt
2026-07-23 10:03:16 | DEBUG    | interfaces.web.app:silent_status:131 - Web Pipeline Status [Roberto_DaMatta_-_O_que_faz_o_brasil__Brasil.pdf]: 📷 Processando pagina 28 de 111...
2026-07-23 10:03:17 | INFO     | core.structurer:_process_document:70 - Docling processou pagina_028.pdf em 1.3s
2026-07-23 10:03:17 | INFO     | core.agents.agente_unico:_process_pdf_page:383 - [pag 28] Extraidas 1 regioes na pagina (structurer=DoclingStructurer)
2026-07-23 10:03:17 | INFO     | core.agents.agente_unico:_process_pdf_page:417 - [pag 28] 1 regioes de texto limpo (sem IA de visao)
2026-07-23 10:03:17 | DEBUG    | core.services.cache:set_cache:74 - Cache set: 61566b21ca0d264d_page_28_normal
2026-07-23 10:03:17 | INFO     | core.agents.agente_unico:executar:298 - Resposta da pagina 28 salva em imagen028.txt
2026-07-23 10:03:17 | DEBUG    | interfaces.web.app:silent_status:131 - Web Pipeline Status [Roberto_DaMatta_-_O_que_faz_o_brasil__Brasil.pdf]: 📷 Processando pagina 29 de 111...
2026-07-23 10:03:21 | INFO     | core.structurer:_process_document:70 - Docling processou pagina_029.pdf em 3.7s
2026-07-23 10:03:21 | INFO     | core.agents.agente_unico:_process_pdf_page:383 - [pag 29] Extraidas 3 regioes na pagina (structurer=DoclingStructurer)
2026-07-23 10:03:21 | INFO     | core.agents.agente_unico:_process_with_vision_by_regions:487 - [pag 29] Regiao 1 - tipo=embedded_image, bbox=(266.07073974609375, 68.26325225830078, 328.2862243652344, 138.06565856933594)
2026-07-23 10:03:21 | DEBUG    | core.agents.agente_unico:_process_region_with_vision:568 - [pag 29] Enviando regiao para visao (12392 bytes, tipo=embedded_image)
2026-07-23 10:03:21 | DEBUG    | core.ai.openrouter:send_message:70 - Enviando requisicao para OpenRouter (tentativa 1/5): modelo=nvidia/nemotron-nano-12b-v2-vl, image_count=1
2026-07-23 10:03:24 | INFO     | core.agents.agente_unico:_process_with_vision_by_regions:487 - [pag 29] Regiao 4 - tipo=embedded_image, bbox=(117.62716674804688, 257.63873291015625, 490.21728515625, 530.8885498046875)
2026-07-23 10:03:26 | DEBUG    | core.agents.agente_unico:_process_region_with_vision:568 - [pag 29] Enviando regiao para visao (109769 bytes, tipo=embedded_image)
2026-07-23 10:03:26 | DEBUG    | core.ai.openrouter:send_message:70 - Enviando requisicao para OpenRouter (tentativa 1/5): modelo=nvidia/nemotron-nano-12b-v2-vl, image_count=1
2026-07-23 10:03:31 | INFO     | core.agents.agente_unico:_process_with_vision_by_regions:528 - [pag 29] 3 regioes (1, 2 visao sequencial)
2026-07-23 10:03:31 | DEBUG    | core.services.cache:set_cache:74 - Cache set: 0145438099683201_page_29_normal
2026-07-23 10:03:31 | INFO     | core.agents.agente_unico:executar:298 - Resposta da pagina 29 salva em imagen029.txt
2026-07-23 10:03:31 | DEBUG    | interfaces.web.app:silent_status:131 - Web Pipeline Status [Roberto_DaMatta_-_O_que_faz_o_brasil__Brasil.pdf]: 📷 Processando pagina 30 de 111...
2026-07-23 10:03:33 | INFO     | core.structurer:_process_document:70 - Docling processou pagina_030.pdf em 1.2s
2026-07-23 10:03:33 | INFO     | core.agents.agente_unico:_process_pdf_page:383 - [pag 30] Extraidas 1 regioes na pagina (structurer=DoclingStructurer)
2026-07-23 10:03:33 | INFO     | core.agents.agente_unico:_process_pdf_page:417 - [pag 30] 1 regioes de texto limpo (sem IA de visao)
2026-07-23 10:03:33 | DEBUG    | core.services.cache:set_cache:74 - Cache set: c0b252644250c8c8_page_30_normal
2026-07-23 10:03:33 | INFO     | core.agents.agente_unico:executar:298 - Resposta da pagina 30 salva em imagen030.txt
2026-07-23 10:03:33 | DEBUG    | interfaces.web.app:silent_status:131 - Web Pipeline Status [Roberto_DaMatta_-_O_que_faz_o_brasil__Brasil.pdf]: 📷 Processando pagina 31 de 111...
2026-07-23 10:03:34 | INFO     | core.structurer:_process_document:70 - Docling processou pagina_031.pdf em 1.2s
2026-07-23 10:03:34 | INFO     | core.agents.agente_unico:_process_pdf_page:383 - [pag 31] Extraidas 1 regioes na pagina (structurer=DoclingStructurer)
2026-07-23 10:03:34 | INFO     | core.agents.agente_unico:_process_pdf_page:417 - [pag 31] 1 regioes de texto limpo (sem IA de visao)
2026-07-23 10:03:34 | DEBUG    | core.services.cache:set_cache:74 - Cache set: 8c8c4f949c9c1485_page_31_normal
2026-07-23 10:03:34 | INFO     | core.agents.agente_unico:executar:298 - Resposta da pagina 31 salva em imagen031.txt
2026-07-23 10:03:34 | DEBUG    | interfaces.web.app:silent_status:131 - Web Pipeline Status [Roberto_DaMatta_-_O_que_faz_o_brasil__Brasil.pdf]: 📷 Processando pagina 32 de 111...
2026-07-23 10:03:35 | INFO     | core.structurer:_process_document:70 - Docling processou pagina_032.pdf em 1.2s
2026-07-23 10:03:35 | INFO     | core.agents.agente_unico:_process_pdf_page:383 - [pag 32] Extraidas 1 regioes na pagina (structurer=DoclingStructurer)
2026-07-23 10:03:35 | INFO     | core.agents.agente_unico:_process_pdf_page:417 - [pag 32] 1 regioes de texto limpo (sem IA de visao)
2026-07-23 10:03:35 | DEBUG    | core.services.cache:set_cache:74 - Cache set: 9253ea50f3be2616_page_32_normal
2026-07-23 10:03:35 | INFO     | core.agents.agente_unico:executar:298 - Resposta da pagina 32 salva em imagen032.txt
2026-07-23 10:03:35 | DEBUG    | interfaces.web.app:silent_status:131 - Web Pipeline Status [Roberto_DaMatta_-_O_que_faz_o_brasil__Brasil.pdf]: 📷 Processando pagina 33 de 111...
2026-07-23 10:03:36 | INFO     | core.structurer:_process_document:70 - Docling processou pagina_033.pdf em 1.3s
2026-07-23 10:03:36 | INFO     | core.agents.agente_unico:_process_pdf_page:383 - [pag 33] Extraidas 1 regioes na pagina (structurer=DoclingStructurer)
2026-07-23 10:03:36 | INFO     | core.agents.agente_unico:_process_pdf_page:417 - [pag 33] 1 regioes de texto limpo (sem IA de visao)
2026-07-23 10:03:36 | DEBUG    | core.services.cache:set_cache:74 - Cache set: 46e2becff80a29fa_page_33_normal
2026-07-23 10:03:36 | INFO     | core.agents.agente_unico:executar:298 - Resposta da pagina 33 salva em imagen033.txt
2026-07-23 10:03:36 | DEBUG    | interfaces.web.app:silent_status:131 - Web Pipeline Status [Roberto_DaMatta_-_O_que_faz_o_brasil__Brasil.pdf]: 📷 Processando pagina 34 de 111...
2026-07-23 10:03:39 | INFO     | core.structurer:_process_document:70 - Docling processou pagina_034.pdf em 2.5s
2026-07-23 10:03:39 | INFO     | core.agents.agente_unico:_process_pdf_page:383 - [pag 34] Extraidas 2 regioes na pagina (structurer=DoclingStructurer)
2026-07-23 10:03:39 | INFO     | core.agents.agente_unico:_process_with_vision_by_regions:487 - [pag 34] Regiao 1 - tipo=embedded_image, bbox=(118.5748062133789, 74.14476776123047, 480.2160339355469, 385.69305419921875)
2026-07-23 10:03:42 | DEBUG    | core.agents.agente_unico:_process_region_with_vision:568 - [pag 34] Enviando regiao para visao (113351 bytes, tipo=embedded_image)
2026-07-23 10:03:42 | DEBUG    | core.ai.openrouter:send_message:70 - Enviando requisicao para OpenRouter (tentativa 1/5): modelo=nvidia/nemotron-nano-12b-v2-vl, image_count=1
2026-07-23 10:03:50 | INFO     | core.agents.agente_unico:_process_with_vision_by_regions:528 - [pag 34] 2 regioes (1, 1 visao sequencial)
2026-07-23 10:03:50 | DEBUG    | core.services.cache:set_cache:74 - Cache set: 813bda8b861b1f54_page_34_normal
2026-07-23 10:03:50 | INFO     | core.agents.agente_unico:executar:298 - Resposta da pagina 34 salva em imagen034.txt
2026-07-23 10:03:50 | DEBUG    | interfaces.web.app:silent_status:131 - Web Pipeline Status [Roberto_DaMatta_-_O_que_faz_o_brasil__Brasil.pdf]: 📷 Processando pagina 35 de 111...
2026-07-23 10:03:52 | INFO     | core.structurer:_process_document:70 - Docling processou pagina_035.pdf em 1.2s
2026-07-23 10:03:52 | INFO     | core.agents.agente_unico:_process_pdf_page:383 - [pag 35] Extraidas 1 regioes na pagina (structurer=DoclingStructurer)
2026-07-23 10:03:52 | INFO     | core.agents.agente_unico:_process_pdf_page:417 - [pag 35] 1 regioes de texto limpo (sem IA de visao)
2026-07-23 10:03:52 | DEBUG    | core.services.cache:set_cache:74 - Cache set: e92b08ae95940dd4_page_35_normal
2026-07-23 10:03:52 | INFO     | core.agents.agente_unico:executar:298 - Resposta da pagina 35 salva em imagen035.txt
2026-07-23 10:03:52 | DEBUG    | interfaces.web.app:silent_status:131 - Web Pipeline Status [Roberto_DaMatta_-_O_que_faz_o_brasil__Brasil.pdf]: 📷 Processando pagina 36 de 111...
2026-07-23 10:03:53 | INFO     | core.structurer:_process_document:70 - Docling processou pagina_036.pdf em 1.2s
2026-07-23 10:03:53 | INFO     | core.agents.agente_unico:_process_pdf_page:383 - [pag 36] Extraidas 1 regioes na pagina (structurer=DoclingStructurer)
2026-07-23 10:03:53 | INFO     | core.agents.agente_unico:_process_pdf_page:417 - [pag 36] 1 regioes de texto limpo (sem IA de visao)
2026-07-23 10:03:53 | DEBUG    | core.services.cache:set_cache:74 - Cache set: ba5a96a8bafa13f4_page_36_normal
2026-07-23 10:03:53 | INFO     | core.agents.agente_unico:executar:298 - Resposta da pagina 36 salva em imagen036.txt
2026-07-23 10:03:53 | DEBUG    | interfaces.web.app:silent_status:131 - Web Pipeline Status [Roberto_DaMatta_-_O_que_faz_o_brasil__Brasil.pdf]: 📷 Processando pagina 37 de 111...
2026-07-23 10:03:54 | INFO     | core.structurer:_process_document:70 - Docling processou pagina_037.pdf em 1.3s
2026-07-23 10:03:54 | INFO     | core.agents.agente_unico:_process_pdf_page:383 - [pag 37] Extraidas 1 regioes na pagina (structurer=DoclingStructurer)
2026-07-23 10:03:54 | INFO     | core.agents.agente_unico:_process_pdf_page:417 - [pag 37] 1 regioes de texto limpo (sem IA de visao)
2026-07-23 10:03:54 | DEBUG    | core.services.cache:set_cache:74 - Cache set: 0d6e19e1c7053893_page_37_normal
2026-07-23 10:03:54 | INFO     | core.agents.agente_unico:executar:298 - Resposta da pagina 37 salva em imagen037.txt
2026-07-23 10:03:54 | DEBUG    | interfaces.web.app:silent_status:131 - Web Pipeline Status [Roberto_DaMatta_-_O_que_faz_o_brasil__Brasil.pdf]: 📷 Processando pagina 38 de 111...
2026-07-23 10:03:55 | INFO     | core.structurer:_process_document:70 - Docling processou pagina_038.pdf em 1.3s
2026-07-23 10:03:55 | INFO     | core.agents.agente_unico:_process_pdf_page:383 - [pag 38] Extraidas 1 regioes na pagina (structurer=DoclingStructurer)
2026-07-23 10:03:55 | INFO     | core.agents.agente_unico:_process_pdf_page:417 - [pag 38] 1 regioes de texto limpo (sem IA de visao)
2026-07-23 10:03:55 | DEBUG    | core.services.cache:set_cache:74 - Cache set: b5384d24524eb212_page_38_normal
2026-07-23 10:03:55 | INFO     | core.agents.agente_unico:executar:298 - Resposta da pagina 38 salva em imagen038.txt
2026-07-23 10:03:55 | DEBUG    | interfaces.web.app:silent_status:131 - Web Pipeline Status [Roberto_DaMatta_-_O_que_faz_o_brasil__Brasil.pdf]: 📷 Processando pagina 39 de 111...
2026-07-23 10:03:57 | INFO     | core.structurer:_process_document:70 - Docling processou pagina_039.pdf em 1.3s
2026-07-23 10:03:57 | INFO     | core.agents.agente_unico:_process_pdf_page:383 - [pag 39] Extraidas 1 regioes na pagina (structurer=DoclingStructurer)
2026-07-23 10:03:57 | INFO     | core.agents.agente_unico:_process_pdf_page:417 - [pag 39] 1 regioes de texto limpo (sem IA de visao)
2026-07-23 10:03:57 | DEBUG    | core.services.cache:set_cache:74 - Cache set: 20c7b4b28cb36608_page_39_normal
2026-07-23 10:03:57 | INFO     | core.agents.agente_unico:executar:298 - Resposta da pagina 39 salva em imagen039.txt
2026-07-23 10:03:57 | DEBUG    | interfaces.web.app:silent_status:131 - Web Pipeline Status [Roberto_DaMatta_-_O_que_faz_o_brasil__Brasil.pdf]: 📷 Processando pagina 40 de 111...
2026-07-23 10:03:58 | INFO     | core.structurer:_process_document:70 - Docling processou pagina_040.pdf em 1.3s
2026-07-23 10:03:58 | INFO     | core.agents.agente_unico:_process_pdf_page:383 - [pag 40] Extraidas 1 regioes na pagina (structurer=DoclingStructurer)
2026-07-23 10:03:58 | INFO     | core.agents.agente_unico:_process_pdf_page:417 - [pag 40] 1 regioes de texto limpo (sem IA de visao)
2026-07-23 10:03:58 | DEBUG    | core.services.cache:set_cache:74 - Cache set: 741420ed072c8454_page_40_normal
2026-07-23 10:03:58 | INFO     | core.agents.agente_unico:executar:298 - Resposta da pagina 40 salva em imagen040.txt
2026-07-23 10:03:58 | DEBUG    | interfaces.web.app:silent_status:131 - Web Pipeline Status [Roberto_DaMatta_-_O_que_faz_o_brasil__Brasil.pdf]: 📷 Processando pagina 41 de 111...
2026-07-23 10:04:02 | INFO     | core.structurer:_process_document:70 - Docling processou pagina_041.pdf em 3.5s
2026-07-23 10:04:02 | INFO     | core.agents.agente_unico:_process_pdf_page:383 - [pag 41] Extraidas 4 regioes na pagina (structurer=DoclingStructurer)
2026-07-23 10:04:02 | INFO     | core.agents.agente_unico:_process_with_vision_by_regions:487 - [pag 41] Regiao 1 - tipo=embedded_image, bbox=(262.78857421875, 74.64775848388672, 324.4039306640625, 143.49485778808594)
2026-07-23 10:04:02 | DEBUG    | core.agents.agente_unico:_process_region_with_vision:568 - [pag 41] Enviando regiao para visao (8884 bytes, tipo=embedded_image)
2026-07-23 10:04:02 | DEBUG    | core.ai.openrouter:send_message:70 - Enviando requisicao para OpenRouter (tentativa 1/5): modelo=nvidia/nemotron-nano-12b-v2-vl, image_count=1
2026-07-23 10:04:05 | INFO     | core.agents.agente_unico:_process_with_vision_by_regions:487 - [pag 41] Regiao 5 - tipo=embedded_image, bbox=(128.74038696289062, 260.3737487792969, 457.6869812011719, 609.8526000976562)
2026-07-23 10:04:08 | DEBUG    | core.agents.agente_unico:_process_region_with_vision:568 - [pag 41] Enviando regiao para visao (93551 bytes, tipo=embedded_image)
2026-07-23 10:04:08 | DEBUG    | core.ai.openrouter:send_message:70 - Enviando requisicao para OpenRouter (tentativa 1/5): modelo=nvidia/nemotron-nano-12b-v2-vl, image_count=1
2026-07-23 10:04:13 | INFO     | core.agents.agente_unico:_process_with_vision_by_regions:528 - [pag 41] 4 regioes (2, 2 visao sequencial)
2026-07-23 10:04:13 | DEBUG    | core.services.cache:set_cache:74 - Cache set: 8288bb30c1a964f8_page_41_normal
2026-07-23 10:04:13 | INFO     | core.agents.agente_unico:executar:298 - Resposta da pagina 41 salva em imagen041.txt
2026-07-23 10:04:13 | DEBUG    | interfaces.web.app:silent_status:131 - Web Pipeline Status [Roberto_DaMatta_-_O_que_faz_o_brasil__Brasil.pdf]: 📷 Processando pagina 42 de 111...
2026-07-23 10:04:14 | INFO     | core.structurer:_process_document:70 - Docling processou pagina_042.pdf em 1.3s
2026-07-23 10:04:14 | INFO     | core.agents.agente_unico:_process_pdf_page:383 - [pag 42] Extraidas 1 regioes na pagina (structurer=DoclingStructurer)
2026-07-23 10:04:14 | INFO     | core.agents.agente_unico:_process_pdf_page:417 - [pag 42] 1 regioes de texto limpo (sem IA de visao)
2026-07-23 10:04:14 | DEBUG    | core.services.cache:set_cache:74 - Cache set: 7e0415d542797f7d_page_42_normal
2026-07-23 10:04:14 | INFO     | core.agents.agente_unico:executar:298 - Resposta da pagina 42 salva em imagen042.txt
2026-07-23 10:04:14 | DEBUG    | interfaces.web.app:silent_status:131 - Web Pipeline Status [Roberto_DaMatta_-_O_que_faz_o_brasil__Brasil.pdf]: 📷 Processando pagina 43 de 111...
2026-07-23 10:04:15 | INFO     | core.structurer:_process_document:70 - Docling processou pagina_043.pdf em 1.3s
2026-07-23 10:04:15 | INFO     | core.agents.agente_unico:_process_pdf_page:383 - [pag 43] Extraidas 1 regioes na pagina (structurer=DoclingStructurer)
2026-07-23 10:04:15 | INFO     | core.agents.agente_unico:_process_pdf_page:417 - [pag 43] 1 regioes de texto limpo (sem IA de visao)
2026-07-23 10:04:15 | DEBUG    | core.services.cache:set_cache:74 - Cache set: dfd94d766920ae4b_page_43_normal
2026-07-23 10:04:15 | INFO     | core.agents.agente_unico:executar:298 - Resposta da pagina 43 salva em imagen043.txt
2026-07-23 10:04:15 | DEBUG    | interfaces.web.app:silent_status:131 - Web Pipeline Status [Roberto_DaMatta_-_O_que_faz_o_brasil__Brasil.pdf]: 📷 Processando pagina 44 de 111...
2026-07-23 10:04:17 | INFO     | core.structurer:_process_document:70 - Docling processou pagina_044.pdf em 1.3s
2026-07-23 10:04:17 | INFO     | core.agents.agente_unico:_process_pdf_page:383 - [pag 44] Extraidas 1 regioes na pagina (structurer=DoclingStructurer)
2026-07-23 10:04:17 | INFO     | core.agents.agente_unico:_process_pdf_page:417 - [pag 44] 1 regioes de texto limpo (sem IA de visao)
2026-07-23 10:04:17 | DEBUG    | core.services.cache:set_cache:74 - Cache set: a3dd9aa3786494df_page_44_normal
2026-07-23 10:04:17 | INFO     | core.agents.agente_unico:executar:298 - Resposta da pagina 44 salva em imagen044.txt
2026-07-23 10:04:17 | DEBUG    | interfaces.web.app:silent_status:131 - Web Pipeline Status [Roberto_DaMatta_-_O_que_faz_o_brasil__Brasil.pdf]: 📷 Processando pagina 45 de 111...
2026-07-23 10:04:18 | INFO     | core.structurer:_process_document:70 - Docling processou pagina_045.pdf em 1.3s
2026-07-23 10:04:18 | INFO     | core.agents.agente_unico:_process_pdf_page:383 - [pag 45] Extraidas 1 regioes na pagina (structurer=DoclingStructurer)
2026-07-23 10:04:18 | INFO     | core.agents.agente_unico:_process_pdf_page:417 - [pag 45] 1 regioes de texto limpo (sem IA de visao)
2026-07-23 10:04:18 | DEBUG    | core.services.cache:set_cache:74 - Cache set: 65946b32e4577d64_page_45_normal
2026-07-23 10:04:18 | INFO     | core.agents.agente_unico:executar:298 - Resposta da pagina 45 salva em imagen045.txt
2026-07-23 10:04:18 | DEBUG    | interfaces.web.app:silent_status:131 - Web Pipeline Status [Roberto_DaMatta_-_O_que_faz_o_brasil__Brasil.pdf]: 📷 Processando pagina 46 de 111...
2026-07-23 10:04:19 | INFO     | core.structurer:_process_document:70 - Docling processou pagina_046.pdf em 1.2s
2026-07-23 10:04:19 | INFO     | core.agents.agente_unico:_process_pdf_page:383 - [pag 46] Extraidas 1 regioes na pagina (structurer=DoclingStructurer)
2026-07-23 10:04:19 | INFO     | core.agents.agente_unico:_process_pdf_page:417 - [pag 46] 1 regioes de texto limpo (sem IA de visao)
2026-07-23 10:04:19 | DEBUG    | core.services.cache:set_cache:74 - Cache set: df7dc86055e9395f_page_46_normal
2026-07-23 10:04:19 | INFO     | core.agents.agente_unico:executar:298 - Resposta da pagina 46 salva em imagen046.txt
2026-07-23 10:04:19 | DEBUG    | interfaces.web.app:silent_status:131 - Web Pipeline Status [Roberto_DaMatta_-_O_que_faz_o_brasil__Brasil.pdf]: 📷 Processando pagina 47 de 111...
2026-07-23 10:04:21 | INFO     | core.structurer:_process_document:70 - Docling processou pagina_047.pdf em 1.3s
2026-07-23 10:04:21 | INFO     | core.agents.agente_unico:_process_pdf_page:383 - [pag 47] Extraidas 1 regioes na pagina (structurer=DoclingStructurer)
2026-07-23 10:04:21 | INFO     | core.agents.agente_unico:_process_pdf_page:417 - [pag 47] 1 regioes de texto limpo (sem IA de visao)
2026-07-23 10:04:21 | DEBUG    | core.services.cache:set_cache:74 - Cache set: 71a7f48476249145_page_47_normal
2026-07-23 10:04:21 | INFO     | core.agents.agente_unico:executar:298 - Resposta da pagina 47 salva em imagen047.txt
2026-07-23 10:04:21 | DEBUG    | interfaces.web.app:silent_status:131 - Web Pipeline Status [Roberto_DaMatta_-_O_que_faz_o_brasil__Brasil.pdf]: 📷 Processando pagina 48 de 111...
2026-07-23 10:04:22 | INFO     | core.structurer:_process_document:70 - Docling processou pagina_048.pdf em 1.3s
2026-07-23 10:04:22 | INFO     | core.agents.agente_unico:_process_pdf_page:383 - [pag 48] Extraidas 1 regioes na pagina (structurer=DoclingStructurer)
2026-07-23 10:04:22 | INFO     | core.agents.agente_unico:_process_pdf_page:417 - [pag 48] 1 regioes de texto limpo (sem IA de visao)
2026-07-23 10:04:22 | DEBUG    | core.services.cache:set_cache:74 - Cache set: 99fc8659dbf45fdd_page_48_normal
2026-07-23 10:04:22 | INFO     | core.agents.agente_unico:executar:298 - Resposta da pagina 48 salva em imagen048.txt
2026-07-23 10:04:22 | DEBUG    | interfaces.web.app:silent_status:131 - Web Pipeline Status [Roberto_DaMatta_-_O_que_faz_o_brasil__Brasil.pdf]: 📷 Processando pagina 49 de 111...
2026-07-23 10:04:23 | INFO     | core.structurer:_process_document:70 - Docling processou pagina_049.pdf em 1.2s
2026-07-23 10:04:23 | INFO     | core.agents.agente_unico:_process_pdf_page:383 - [pag 49] Extraidas 1 regioes na pagina (structurer=DoclingStructurer)
2026-07-23 10:04:23 | INFO     | core.agents.agente_unico:_process_pdf_page:417 - [pag 49] 1 regioes de texto limpo (sem IA de visao)
2026-07-23 10:04:23 | DEBUG    | core.services.cache:set_cache:74 - Cache set: d9974f0e88484d14_page_49_normal
2026-07-23 10:04:23 | INFO     | core.agents.agente_unico:executar:298 - Resposta da pagina 49 salva em imagen049.txt
2026-07-23 10:04:23 | DEBUG    | interfaces.web.app:silent_status:131 - Web Pipeline Status [Roberto_DaMatta_-_O_que_faz_o_brasil__Brasil.pdf]: 📷 Processando pagina 50 de 111...
2026-07-23 10:04:27 | INFO     | core.structurer:_process_document:70 - Docling processou pagina_050.pdf em 4.1s
2026-07-23 10:04:27 | INFO     | core.agents.agente_unico:_process_pdf_page:383 - [pag 50] Extraidas 1 regioes na pagina (structurer=DoclingStructurer)
2026-07-23 10:04:27 | INFO     | core.agents.agente_unico:_process_with_vision_by_regions:487 - [pag 50] Regiao 1 - tipo=embedded_image, bbox=(89.60569763183594, 73.16332244873047, 474.43841552734375, 643.1083374023438)
2026-07-23 10:04:32 | DEBUG    | core.utils.image_enhancer:resize_image:22 - Imagem redimensionada: 1070x1584 -> 907x1344
2026-07-23 10:04:32 | DEBUG    | core.agents.agente_unico:_process_region_with_vision:568 - [pag 50] Enviando regiao para visao (150193 bytes, tipo=embedded_image)
2026-07-23 10:04:32 | DEBUG    | core.ai.openrouter:send_message:70 - Enviando requisicao para OpenRouter (tentativa 1/5): modelo=nvidia/nemotron-nano-12b-v2-vl, image_count=1
2026-07-23 10:04:38 | INFO     | core.agents.agente_unico:_process_with_vision_by_regions:528 - [pag 50] 1 regioes (0, 1 visao sequencial)
2026-07-23 10:04:38 | DEBUG    | core.services.cache:set_cache:74 - Cache set: 9aa33a7f67ac53d6_page_50_normal
2026-07-23 10:04:38 | INFO     | core.agents.agente_unico:executar:298 - Resposta da pagina 50 salva em imagen050.txt
2026-07-23 10:04:38 | DEBUG    | interfaces.web.app:silent_status:131 - Web Pipeline Status [Roberto_DaMatta_-_O_que_faz_o_brasil__Brasil.pdf]: 📷 Processando pagina 51 de 111...
2026-07-23 10:04:39 | INFO     | core.structurer:_process_document:70 - Docling processou pagina_051.pdf em 1.1s
2026-07-23 10:04:39 | INFO     | core.agents.agente_unico:_process_pdf_page:383 - [pag 51] Extraidas 1 regioes na pagina (structurer=DoclingStructurer)
2026-07-23 10:04:39 | INFO     | core.agents.agente_unico:_process_pdf_page:417 - [pag 51] 1 regioes de texto limpo (sem IA de visao)
2026-07-23 10:04:39 | DEBUG    | core.services.cache:set_cache:74 - Cache set: 710e87646dfddc82_page_51_normal
2026-07-23 10:04:39 | INFO     | core.agents.agente_unico:executar:298 - Resposta da pagina 51 salva em imagen051.txt
2026-07-23 10:04:39 | DEBUG    | interfaces.web.app:silent_status:131 - Web Pipeline Status [Roberto_DaMatta_-_O_que_faz_o_brasil__Brasil.pdf]: 📷 Processando pagina 52 de 111...
2026-07-23 10:04:41 | INFO     | core.structurer:_process_document:70 - Docling processou pagina_052.pdf em 1.2s
2026-07-23 10:04:41 | INFO     | core.agents.agente_unico:_process_pdf_page:383 - [pag 52] Extraidas 1 regioes na pagina (structurer=DoclingStructurer)
2026-07-23 10:04:41 | INFO     | core.agents.agente_unico:_process_pdf_page:417 - [pag 52] 1 regioes de texto limpo (sem IA de visao)
2026-07-23 10:04:41 | DEBUG    | core.services.cache:set_cache:74 - Cache set: 24f529bc304e2b9d_page_52_normal
2026-07-23 10:04:41 | INFO     | core.agents.agente_unico:executar:298 - Resposta da pagina 52 salva em imagen052.txt
2026-07-23 10:04:41 | DEBUG    | interfaces.web.app:silent_status:131 - Web Pipeline Status [Roberto_DaMatta_-_O_que_faz_o_brasil__Brasil.pdf]: 📷 Processando pagina 53 de 111...
2026-07-23 10:04:42 | INFO     | core.structurer:_process_document:70 - Docling processou pagina_053.pdf em 1.2s
2026-07-23 10:04:42 | INFO     | core.agents.agente_unico:_process_pdf_page:383 - [pag 53] Extraidas 1 regioes na pagina (structurer=DoclingStructurer)
2026-07-23 10:04:42 | INFO     | core.agents.agente_unico:_process_pdf_page:417 - [pag 53] 1 regioes de texto limpo (sem IA de visao)
2026-07-23 10:04:42 | DEBUG    | core.services.cache:set_cache:74 - Cache set: bbf5ab4344861b5f_page_53_normal
2026-07-23 10:04:42 | INFO     | core.agents.agente_unico:executar:298 - Resposta da pagina 53 salva em imagen053.txt
2026-07-23 10:04:42 | DEBUG    | interfaces.web.app:silent_status:131 - Web Pipeline Status [Roberto_DaMatta_-_O_que_faz_o_brasil__Brasil.pdf]: 📷 Processando pagina 54 de 111...
2026-07-23 10:04:43 | INFO     | core.structurer:_process_document:70 - Docling processou pagina_054.pdf em 1.2s
2026-07-23 10:04:43 | INFO     | core.agents.agente_unico:_process_pdf_page:383 - [pag 54] Extraidas 1 regioes na pagina (structurer=DoclingStructurer)
2026-07-23 10:04:43 | INFO     | core.agents.agente_unico:_process_pdf_page:417 - [pag 54] 1 regioes de texto limpo (sem IA de visao)
2026-07-23 10:04:43 | DEBUG    | core.services.cache:set_cache:74 - Cache set: 0d294ebdd8e441ab_page_54_normal
2026-07-23 10:04:43 | INFO     | core.agents.agente_unico:executar:298 - Resposta da pagina 54 salva em imagen054.txt
2026-07-23 10:04:43 | DEBUG    | interfaces.web.app:silent_status:131 - Web Pipeline Status [Roberto_DaMatta_-_O_que_faz_o_brasil__Brasil.pdf]: 📷 Processando pagina 55 de 111...
2026-07-23 10:04:44 | INFO     | core.structurer:_process_document:70 - Docling processou pagina_055.pdf em 1.2s
2026-07-23 10:04:44 | INFO     | core.agents.agente_unico:_process_pdf_page:383 - [pag 55] Extraidas 1 regioes na pagina (structurer=DoclingStructurer)
2026-07-23 10:04:44 | INFO     | core.agents.agente_unico:_process_pdf_page:417 - [pag 55] 1 regioes de texto limpo (sem IA de visao)
2026-07-23 10:04:44 | DEBUG    | core.services.cache:set_cache:74 - Cache set: 6c7ce101c586fc4d_page_55_normal
2026-07-23 10:04:44 | INFO     | core.agents.agente_unico:executar:298 - Resposta da pagina 55 salva em imagen055.txt
2026-07-23 10:04:44 | DEBUG    | interfaces.web.app:silent_status:131 - Web Pipeline Status [Roberto_DaMatta_-_O_que_faz_o_brasil__Brasil.pdf]: 📷 Processando pagina 56 de 111...
2026-07-23 10:04:48 | INFO     | core.structurer:_process_document:70 - Docling processou pagina_056.pdf em 3.6s
2026-07-23 10:04:48 | INFO     | core.agents.agente_unico:_process_pdf_page:383 - [pag 56] Extraidas 3 regioes na pagina (structurer=DoclingStructurer)
2026-07-23 10:04:48 | INFO     | core.agents.agente_unico:_process_with_vision_by_regions:487 - [pag 56] Regiao 1 - tipo=embedded_image, bbox=(267.4898681640625, 66.14395141601562, 328.3307189941406, 138.46359252929688)
2026-07-23 10:04:48 | DEBUG    | core.agents.agente_unico:_process_region_with_vision:568 - [pag 56] Enviando regiao para visao (11370 bytes, tipo=embedded_image)
2026-07-23 10:04:48 | DEBUG    | core.ai.openrouter:send_message:70 - Enviando requisicao para OpenRouter (tentativa 1/5): modelo=nvidia/nemotron-nano-12b-v2-vl, image_count=1
2026-07-23 10:04:52 | INFO     | core.agents.agente_unico:_process_with_vision_by_regions:487 - [pag 56] Regiao 4 - tipo=embedded_image, bbox=(113.35538482666016, 268.8043212890625, 479.15228271484375, 555.5718994140625)
2026-07-23 10:04:55 | DEBUG    | core.agents.agente_unico:_process_region_with_vision:568 - [pag 56] Enviando regiao para visao (92251 bytes, tipo=embedded_image)
2026-07-23 10:04:55 | DEBUG    | core.ai.openrouter:send_message:70 - Enviando requisicao para OpenRouter (tentativa 1/5): modelo=nvidia/nemotron-nano-12b-v2-vl, image_count=1
2026-07-23 10:05:02 | INFO     | core.agents.agente_unico:_process_with_vision_by_regions:528 - [pag 56] 3 regioes (1, 2 visao sequencial)
2026-07-23 10:05:02 | DEBUG    | core.services.cache:set_cache:74 - Cache set: 19f7a469dc7d8f9c_page_56_normal
2026-07-23 10:05:02 | INFO     | core.agents.agente_unico:executar:298 - Resposta da pagina 56 salva em imagen056.txt
2026-07-23 10:05:02 | DEBUG    | interfaces.web.app:silent_status:131 - Web Pipeline Status [Roberto_DaMatta_-_O_que_faz_o_brasil__Brasil.pdf]: 📷 Processando pagina 57 de 111...
2026-07-23 10:05:03 | INFO     | core.structurer:_process_document:70 - Docling processou pagina_057.pdf em 1.2s
2026-07-23 10:05:03 | INFO     | core.agents.agente_unico:_process_pdf_page:383 - [pag 57] Extraidas 1 regioes na pagina (structurer=DoclingStructurer)
2026-07-23 10:05:03 | INFO     | core.agents.agente_unico:_process_pdf_page:417 - [pag 57] 1 regioes de texto limpo (sem IA de visao)
2026-07-23 10:05:03 | DEBUG    | core.services.cache:set_cache:74 - Cache set: 7fa66fd39c9b4811_page_57_normal
2026-07-23 10:05:03 | INFO     | core.agents.agente_unico:executar:298 - Resposta da pagina 57 salva em imagen057.txt
2026-07-23 10:05:03 | DEBUG    | interfaces.web.app:silent_status:131 - Web Pipeline Status [Roberto_DaMatta_-_O_que_faz_o_brasil__Brasil.pdf]: 📷 Processando pagina 58 de 111...
2026-07-23 10:05:04 | INFO     | core.structurer:_process_document:70 - Docling processou pagina_058.pdf em 1.3s
2026-07-23 10:05:04 | INFO     | core.agents.agente_unico:_process_pdf_page:383 - [pag 58] Extraidas 1 regioes na pagina (structurer=DoclingStructurer)
2026-07-23 10:05:04 | INFO     | core.agents.agente_unico:_process_pdf_page:417 - [pag 58] 1 regioes de texto limpo (sem IA de visao)
2026-07-23 10:05:04 | DEBUG    | core.services.cache:set_cache:74 - Cache set: e329507bc550ae28_page_58_normal
2026-07-23 10:05:04 | INFO     | core.agents.agente_unico:executar:298 - Resposta da pagina 58 salva em imagen058.txt
2026-07-23 10:05:04 | DEBUG    | interfaces.web.app:silent_status:131 - Web Pipeline Status [Roberto_DaMatta_-_O_que_faz_o_brasil__Brasil.pdf]: 📷 Processando pagina 59 de 111...
2026-07-23 10:05:05 | INFO     | core.structurer:_process_document:70 - Docling processou pagina_059.pdf em 1.2s
2026-07-23 10:05:05 | INFO     | core.agents.agente_unico:_process_pdf_page:383 - [pag 59] Extraidas 1 regioes na pagina (structurer=DoclingStructurer)
2026-07-23 10:05:05 | INFO     | core.agents.agente_unico:_process_pdf_page:417 - [pag 59] 1 regioes de texto limpo (sem IA de visao)
2026-07-23 10:05:05 | DEBUG    | core.services.cache:set_cache:74 - Cache set: 71da132ffb41c5cf_page_59_normal
2026-07-23 10:05:05 | INFO     | core.agents.agente_unico:executar:298 - Resposta da pagina 59 salva em imagen059.txt
2026-07-23 10:05:05 | DEBUG    | interfaces.web.app:silent_status:131 - Web Pipeline Status [Roberto_DaMatta_-_O_que_faz_o_brasil__Brasil.pdf]: 📷 Processando pagina 60 de 111...
2026-07-23 10:05:07 | INFO     | core.structurer:_process_document:70 - Docling processou pagina_060.pdf em 1.4s
2026-07-23 10:05:07 | INFO     | core.agents.agente_unico:_process_pdf_page:383 - [pag 60] Extraidas 1 regioes na pagina (structurer=DoclingStructurer)
2026-07-23 10:05:07 | INFO     | core.agents.agente_unico:_process_pdf_page:417 - [pag 60] 1 regioes de texto limpo (sem IA de visao)
2026-07-23 10:05:07 | DEBUG    | core.services.cache:set_cache:74 - Cache set: 781060c9ec227df8_page_60_normal
2026-07-23 10:05:07 | INFO     | core.agents.agente_unico:executar:298 - Resposta da pagina 60 salva em imagen060.txt
2026-07-23 10:05:07 | DEBUG    | interfaces.web.app:silent_status:131 - Web Pipeline Status [Roberto_DaMatta_-_O_que_faz_o_brasil__Brasil.pdf]: 📷 Processando pagina 61 de 111...
2026-07-23 10:05:08 | INFO     | core.structurer:_process_document:70 - Docling processou pagina_061.pdf em 1.3s
2026-07-23 10:05:08 | INFO     | core.agents.agente_unico:_process_pdf_page:383 - [pag 61] Extraidas 1 regioes na pagina (structurer=DoclingStructurer)
2026-07-23 10:05:08 | INFO     | core.agents.agente_unico:_process_pdf_page:417 - [pag 61] 1 regioes de texto limpo (sem IA de visao)
2026-07-23 10:05:08 | DEBUG    | core.services.cache:set_cache:74 - Cache set: 078969534bf00b48_page_61_normal
2026-07-23 10:05:08 | INFO     | core.agents.agente_unico:executar:298 - Resposta da pagina 61 salva em imagen061.txt
2026-07-23 10:05:08 | DEBUG    | interfaces.web.app:silent_status:131 - Web Pipeline Status [Roberto_DaMatta_-_O_que_faz_o_brasil__Brasil.pdf]: 📷 Processando pagina 62 de 111...
2026-07-23 10:05:12 | INFO     | core.structurer:_process_document:70 - Docling processou pagina_062.pdf em 3.3s
2026-07-23 10:05:12 | INFO     | core.agents.agente_unico:_process_pdf_page:383 - [pag 62] Extraidas 3 regioes na pagina (structurer=DoclingStructurer)
2026-07-23 10:05:12 | INFO     | core.agents.agente_unico:_process_with_vision_by_regions:487 - [pag 62] Regiao 2 - tipo=embedded_image, bbox=(118.49568176269531, 258.7041320800781, 485.27532958984375, 707.3104248046875)
2026-07-23 10:05:15 | DEBUG    | core.agents.agente_unico:_process_region_with_vision:568 - [pag 62] Enviando regiao para visao (129000 bytes, tipo=embedded_image)
2026-07-23 10:05:15 | DEBUG    | core.ai.openrouter:send_message:70 - Enviando requisicao para OpenRouter (tentativa 1/5): modelo=nvidia/nemotron-nano-12b-v2-vl, image_count=1
2026-07-23 10:05:25 | INFO     | core.agents.agente_unico:_process_with_vision_by_regions:528 - [pag 62] 3 regioes (2, 1 visao sequencial)
2026-07-23 10:05:25 | DEBUG    | core.services.cache:set_cache:74 - Cache set: 48aa2c709281320d_page_62_normal
2026-07-23 10:05:25 | INFO     | core.agents.agente_unico:executar:298 - Resposta da pagina 62 salva em imagen062.txt
2026-07-23 10:05:25 | DEBUG    | interfaces.web.app:silent_status:131 - Web Pipeline Status [Roberto_DaMatta_-_O_que_faz_o_brasil__Brasil.pdf]: 📷 Processando pagina 63 de 111...
2026-07-23 10:05:27 | INFO     | core.structurer:_process_document:70 - Docling processou pagina_063.pdf em 1.2s
2026-07-23 10:05:27 | INFO     | core.agents.agente_unico:_process_pdf_page:383 - [pag 63] Extraidas 1 regioes na pagina (structurer=DoclingStructurer)
2026-07-23 10:05:27 | INFO     | core.agents.agente_unico:_process_pdf_page:417 - [pag 63] 1 regioes de texto limpo (sem IA de visao)
2026-07-23 10:05:27 | DEBUG    | core.services.cache:set_cache:74 - Cache set: 7433bbc1626641be_page_63_normal
2026-07-23 10:05:27 | INFO     | core.agents.agente_unico:executar:298 - Resposta da pagina 63 salva em imagen063.txt
2026-07-23 10:05:27 | DEBUG    | interfaces.web.app:silent_status:131 - Web Pipeline Status [Roberto_DaMatta_-_O_que_faz_o_brasil__Brasil.pdf]: 📷 Processando pagina 64 de 111...
2026-07-23 10:05:28 | INFO     | core.structurer:_process_document:70 - Docling processou pagina_064.pdf em 1.3s
2026-07-23 10:05:28 | INFO     | core.agents.agente_unico:_process_pdf_page:383 - [pag 64] Extraidas 1 regioes na pagina (structurer=DoclingStructurer)
2026-07-23 10:05:28 | INFO     | core.agents.agente_unico:_process_pdf_page:417 - [pag 64] 1 regioes de texto limpo (sem IA de visao)
2026-07-23 10:05:28 | DEBUG    | core.services.cache:set_cache:74 - Cache set: fe2ca1595ca8c3d8_page_64_normal
2026-07-23 10:05:28 | INFO     | core.agents.agente_unico:executar:298 - Resposta da pagina 64 salva em imagen064.txt
2026-07-23 10:05:28 | DEBUG    | interfaces.web.app:silent_status:131 - Web Pipeline Status [Roberto_DaMatta_-_O_que_faz_o_brasil__Brasil.pdf]: 📷 Processando pagina 65 de 111...
2026-07-23 10:05:29 | INFO     | core.structurer:_process_document:70 - Docling processou pagina_065.pdf em 1.2s
2026-07-23 10:05:29 | INFO     | core.agents.agente_unico:_process_pdf_page:383 - [pag 65] Extraidas 1 regioes na pagina (structurer=DoclingStructurer)
2026-07-23 10:05:29 | INFO     | core.agents.agente_unico:_process_pdf_page:417 - [pag 65] 1 regioes de texto limpo (sem IA de visao)
2026-07-23 10:05:29 | DEBUG    | core.services.cache:set_cache:74 - Cache set: 9e212cf0b180147f_page_65_normal
2026-07-23 10:05:29 | INFO     | core.agents.agente_unico:executar:298 - Resposta da pagina 65 salva em imagen065.txt
2026-07-23 10:05:29 | DEBUG    | interfaces.web.app:silent_status:131 - Web Pipeline Status [Roberto_DaMatta_-_O_que_faz_o_brasil__Brasil.pdf]: 📷 Processando pagina 66 de 111...
2026-07-23 10:05:30 | INFO     | core.structurer:_process_document:70 - Docling processou pagina_066.pdf em 1.3s
2026-07-23 10:05:30 | INFO     | core.agents.agente_unico:_process_pdf_page:383 - [pag 66] Extraidas 1 regioes na pagina (structurer=DoclingStructurer)
2026-07-23 10:05:30 | INFO     | core.agents.agente_unico:_process_pdf_page:417 - [pag 66] 1 regioes de texto limpo (sem IA de visao)
2026-07-23 10:05:30 | DEBUG    | core.services.cache:set_cache:74 - Cache set: 7b41fde078e78e54_page_66_normal
2026-07-23 10:05:30 | INFO     | core.agents.agente_unico:executar:298 - Resposta da pagina 66 salva em imagen066.txt
2026-07-23 10:05:30 | DEBUG    | interfaces.web.app:silent_status:131 - Web Pipeline Status [Roberto_DaMatta_-_O_que_faz_o_brasil__Brasil.pdf]: 📷 Processando pagina 67 de 111...
2026-07-23 10:05:32 | INFO     | core.structurer:_process_document:70 - Docling processou pagina_067.pdf em 1.2s
2026-07-23 10:05:32 | INFO     | core.agents.agente_unico:_process_pdf_page:383 - [pag 67] Extraidas 1 regioes na pagina (structurer=DoclingStructurer)
2026-07-23 10:05:32 | INFO     | core.agents.agente_unico:_process_pdf_page:417 - [pag 67] 1 regioes de texto limpo (sem IA de visao)
2026-07-23 10:05:32 | DEBUG    | core.services.cache:set_cache:74 - Cache set: bb169ff7be40b55a_page_67_normal
2026-07-23 10:05:32 | INFO     | core.agents.agente_unico:executar:298 - Resposta da pagina 67 salva em imagen067.txt
2026-07-23 10:05:32 | DEBUG    | interfaces.web.app:silent_status:131 - Web Pipeline Status [Roberto_DaMatta_-_O_que_faz_o_brasil__Brasil.pdf]: 📷 Processando pagina 68 de 111...
2026-07-23 10:05:34 | INFO     | core.structurer:_process_document:70 - Docling processou pagina_068.pdf em 2.7s
2026-07-23 10:05:34 | INFO     | core.agents.agente_unico:_process_pdf_page:383 - [pag 68] Extraidas 3 regioes na pagina (structurer=DoclingStructurer)
2026-07-23 10:05:34 | INFO     | core.agents.agente_unico:_process_with_vision_by_regions:487 - [pag 68] Regiao 1 - tipo=embedded_image, bbox=(266.1490173339844, 68.8873062133789, 328.8202819824219, 136.80419921875)
2026-07-23 10:05:35 | DEBUG    | core.agents.agente_unico:_process_region_with_vision:568 - [pag 68] Enviando regiao para visao (12086 bytes, tipo=embedded_image)
2026-07-23 10:05:35 | DEBUG    | core.ai.openrouter:send_message:70 - Enviando requisicao para OpenRouter (tentativa 1/5): modelo=nvidia/nemotron-nano-12b-v2-vl, image_count=1
2026-07-23 10:05:39 | INFO     | core.agents.agente_unico:_process_with_vision_by_regions:487 - [pag 68] Regiao 4 - tipo=embedded_image, bbox=(113.18455505371094, 247.56065368652344, 488.00518798828125, 459.96295166015625)
2026-07-23 10:05:41 | DEBUG    | core.agents.agente_unico:_process_region_with_vision:568 - [pag 68] Enviando regiao para visao (140194 bytes, tipo=embedded_image)
2026-07-23 10:05:41 | DEBUG    | core.ai.openrouter:send_message:70 - Enviando requisicao para OpenRouter (tentativa 1/5): modelo=nvidia/nemotron-nano-12b-v2-vl, image_count=1
2026-07-23 10:05:49 | INFO     | core.agents.agente_unico:_process_with_vision_by_regions:528 - [pag 68] 3 regioes (1, 2 visao sequencial)
2026-07-23 10:05:49 | DEBUG    | core.services.cache:set_cache:74 - Cache set: d720c1d10f048141_page_68_normal
2026-07-23 10:05:49 | INFO     | core.agents.agente_unico:executar:298 - Resposta da pagina 68 salva em imagen068.txt
2026-07-23 10:05:49 | DEBUG    | interfaces.web.app:silent_status:131 - Web Pipeline Status [Roberto_DaMatta_-_O_que_faz_o_brasil__Brasil.pdf]: 📷 Processando pagina 69 de 111...
2026-07-23 10:05:50 | INFO     | core.structurer:_process_document:70 - Docling processou pagina_069.pdf em 1.1s
2026-07-23 10:05:50 | INFO     | core.agents.agente_unico:_process_pdf_page:383 - [pag 69] Extraidas 1 regioes na pagina (structurer=DoclingStructurer)
2026-07-23 10:05:50 | INFO     | core.agents.agente_unico:_process_pdf_page:417 - [pag 69] 1 regioes de texto limpo (sem IA de visao)
2026-07-23 10:05:50 | DEBUG    | core.services.cache:set_cache:74 - Cache set: c1a33f6c7024e7a3_page_69_normal
2026-07-23 10:05:50 | INFO     | core.agents.agente_unico:executar:298 - Resposta da pagina 69 salva em imagen069.txt
2026-07-23 10:05:50 | DEBUG    | interfaces.web.app:silent_status:131 - Web Pipeline Status [Roberto_DaMatta_-_O_que_faz_o_brasil__Brasil.pdf]: 📷 Processando pagina 70 de 111...
2026-07-23 10:05:51 | INFO     | core.structurer:_process_document:70 - Docling processou pagina_070.pdf em 1.2s
2026-07-23 10:05:51 | INFO     | core.agents.agente_unico:_process_pdf_page:383 - [pag 70] Extraidas 1 regioes na pagina (structurer=DoclingStructurer)
2026-07-23 10:05:51 | INFO     | core.agents.agente_unico:_process_pdf_page:417 - [pag 70] 1 regioes de texto limpo (sem IA de visao)
2026-07-23 10:05:51 | DEBUG    | core.services.cache:set_cache:74 - Cache set: 390a86e37c809980_page_70_normal
2026-07-23 10:05:51 | INFO     | core.agents.agente_unico:executar:298 - Resposta da pagina 70 salva em imagen070.txt
2026-07-23 10:05:51 | DEBUG    | interfaces.web.app:silent_status:131 - Web Pipeline Status [Roberto_DaMatta_-_O_que_faz_o_brasil__Brasil.pdf]: 📷 Processando pagina 71 de 111...
2026-07-23 10:05:53 | INFO     | core.structurer:_process_document:70 - Docling processou pagina_071.pdf em 1.2s
2026-07-23 10:05:53 | INFO     | core.agents.agente_unico:_process_pdf_page:383 - [pag 71] Extraidas 1 regioes na pagina (structurer=DoclingStructurer)
2026-07-23 10:05:53 | INFO     | core.agents.agente_unico:_process_pdf_page:417 - [pag 71] 1 regioes de texto limpo (sem IA de visao)
2026-07-23 10:05:53 | DEBUG    | core.services.cache:set_cache:74 - Cache set: 22464c5486e5998d_page_71_normal
2026-07-23 10:05:53 | INFO     | core.agents.agente_unico:executar:298 - Resposta da pagina 71 salva em imagen071.txt
2026-07-23 10:05:53 | DEBUG    | interfaces.web.app:silent_status:131 - Web Pipeline Status [Roberto_DaMatta_-_O_que_faz_o_brasil__Brasil.pdf]: 📷 Processando pagina 72 de 111...
2026-07-23 10:05:54 | INFO     | core.structurer:_process_document:70 - Docling processou pagina_072.pdf em 1.2s
2026-07-23 10:05:54 | INFO     | core.agents.agente_unico:_process_pdf_page:383 - [pag 72] Extraidas 1 regioes na pagina (structurer=DoclingStructurer)
2026-07-23 10:05:54 | INFO     | core.agents.agente_unico:_process_pdf_page:417 - [pag 72] 1 regioes de texto limpo (sem IA de visao)
2026-07-23 10:05:54 | DEBUG    | core.services.cache:set_cache:74 - Cache set: 629fe054649cd824_page_72_normal
2026-07-23 10:05:54 | INFO     | core.agents.agente_unico:executar:298 - Resposta da pagina 72 salva em imagen072.txt
2026-07-23 10:05:54 | DEBUG    | interfaces.web.app:silent_status:131 - Web Pipeline Status [Roberto_DaMatta_-_O_que_faz_o_brasil__Brasil.pdf]: 📷 Processando pagina 73 de 111...
2026-07-23 10:05:55 | INFO     | core.structurer:_process_document:70 - Docling processou pagina_073.pdf em 1.2s
2026-07-23 10:05:55 | INFO     | core.agents.agente_unico:_process_pdf_page:383 - [pag 73] Extraidas 1 regioes na pagina (structurer=DoclingStructurer)
2026-07-23 10:05:55 | INFO     | core.agents.agente_unico:_process_pdf_page:417 - [pag 73] 1 regioes de texto limpo (sem IA de visao)
2026-07-23 10:05:55 | DEBUG    | core.services.cache:set_cache:74 - Cache set: b6f1b7a1fceff1d8_page_73_normal
2026-07-23 10:05:55 | INFO     | core.agents.agente_unico:executar:298 - Resposta da pagina 73 salva em imagen073.txt
2026-07-23 10:05:55 | DEBUG    | interfaces.web.app:silent_status:131 - Web Pipeline Status [Roberto_DaMatta_-_O_que_faz_o_brasil__Brasil.pdf]: 📷 Processando pagina 74 de 111...
2026-07-23 10:05:56 | INFO     | core.structurer:_process_document:70 - Docling processou pagina_074.pdf em 1.3s
2026-07-23 10:05:56 | INFO     | core.agents.agente_unico:_process_pdf_page:383 - [pag 74] Extraidas 1 regioes na pagina (structurer=DoclingStructurer)
2026-07-23 10:05:56 | INFO     | core.agents.agente_unico:_process_pdf_page:417 - [pag 74] 1 regioes de texto limpo (sem IA de visao)
2026-07-23 10:05:56 | DEBUG    | core.services.cache:set_cache:74 - Cache set: ed6df5898cd995b1_page_74_normal
2026-07-23 10:05:56 | INFO     | core.agents.agente_unico:executar:298 - Resposta da pagina 74 salva em imagen074.txt
2026-07-23 10:05:56 | DEBUG    | interfaces.web.app:silent_status:131 - Web Pipeline Status [Roberto_DaMatta_-_O_que_faz_o_brasil__Brasil.pdf]: 📷 Processando pagina 75 de 111...
2026-07-23 10:05:58 | INFO     | core.structurer:_process_document:70 - Docling processou pagina_075.pdf em 1.3s
2026-07-23 10:05:58 | INFO     | core.agents.agente_unico:_process_pdf_page:383 - [pag 75] Extraidas 1 regioes na pagina (structurer=DoclingStructurer)
2026-07-23 10:05:58 | INFO     | core.agents.agente_unico:_process_pdf_page:417 - [pag 75] 1 regioes de texto limpo (sem IA de visao)
2026-07-23 10:05:58 | DEBUG    | core.services.cache:set_cache:74 - Cache set: 703c93484e578e1d_page_75_normal
2026-07-23 10:05:58 | INFO     | core.agents.agente_unico:executar:298 - Resposta da pagina 75 salva em imagen075.txt
2026-07-23 10:05:58 | DEBUG    | interfaces.web.app:silent_status:131 - Web Pipeline Status [Roberto_DaMatta_-_O_que_faz_o_brasil__Brasil.pdf]: 📷 Processando pagina 76 de 111...
2026-07-23 10:05:59 | INFO     | core.structurer:_process_document:70 - Docling processou pagina_076.pdf em 1.2s
2026-07-23 10:05:59 | INFO     | core.agents.agente_unico:_process_pdf_page:383 - [pag 76] Extraidas 1 regioes na pagina (structurer=DoclingStructurer)
2026-07-23 10:05:59 | INFO     | core.agents.agente_unico:_process_pdf_page:417 - [pag 76] 1 regioes de texto limpo (sem IA de visao)
2026-07-23 10:05:59 | DEBUG    | core.services.cache:set_cache:74 - Cache set: 221802ae71e1a40c_page_76_normal
2026-07-23 10:05:59 | INFO     | core.agents.agente_unico:executar:298 - Resposta da pagina 76 salva em imagen076.txt
2026-07-23 10:05:59 | DEBUG    | interfaces.web.app:silent_status:131 - Web Pipeline Status [Roberto_DaMatta_-_O_que_faz_o_brasil__Brasil.pdf]: 📷 Processando pagina 77 de 111...
2026-07-23 10:06:00 | INFO     | core.structurer:_process_document:70 - Docling processou pagina_077.pdf em 1.3s
2026-07-23 10:06:00 | INFO     | core.agents.agente_unico:_process_pdf_page:383 - [pag 77] Extraidas 2 regioes na pagina (structurer=DoclingStructurer)
2026-07-23 10:06:00 | INFO     | core.agents.agente_unico:_process_pdf_page:417 - [pag 77] 2 regioes de texto limpo (sem IA de visao)
2026-07-23 10:06:00 | DEBUG    | core.services.cache:set_cache:74 - Cache set: c8bcc08be7955ecb_page_77_normal
2026-07-23 10:06:00 | INFO     | core.agents.agente_unico:executar:298 - Resposta da pagina 77 salva em imagen077.txt
2026-07-23 10:06:00 | DEBUG    | interfaces.web.app:silent_status:131 - Web Pipeline Status [Roberto_DaMatta_-_O_que_faz_o_brasil__Brasil.pdf]: 📷 Processando pagina 78 de 111...
2026-07-23 10:06:02 | INFO     | core.structurer:_process_document:70 - Docling processou pagina_078.pdf em 1.9s
2026-07-23 10:06:02 | INFO     | core.agents.agente_unico:_process_pdf_page:383 - [pag 78] Extraidas 3 regioes na pagina (structurer=DoclingStructurer)
2026-07-23 10:06:02 | INFO     | core.agents.agente_unico:_process_with_vision_by_regions:487 - [pag 78] Regiao 3 - tipo=embedded_image, bbox=(225.06492614746094, 539.43115234375, 370.3390197753906, 748.5698852539062)
2026-07-23 10:06:03 | DEBUG    | core.agents.agente_unico:_process_region_with_vision:568 - [pag 78] Enviando regiao para visao (31769 bytes, tipo=embedded_image)
2026-07-23 10:06:03 | DEBUG    | core.ai.openrouter:send_message:70 - Enviando requisicao para OpenRouter (tentativa 1/5): modelo=nvidia/nemotron-nano-12b-v2-vl, image_count=1
2026-07-23 10:06:10 | INFO     | core.agents.agente_unico:_process_with_vision_by_regions:528 - [pag 78] 3 regioes (2, 1 visao sequencial)
2026-07-23 10:06:10 | DEBUG    | core.services.cache:set_cache:74 - Cache set: 8e9b75aa4089114c_page_78_normal
2026-07-23 10:06:10 | INFO     | core.agents.agente_unico:executar:298 - Resposta da pagina 78 salva em imagen078.txt
2026-07-23 10:06:10 | DEBUG    | interfaces.web.app:silent_status:131 - Web Pipeline Status [Roberto_DaMatta_-_O_que_faz_o_brasil__Brasil.pdf]: 📷 Processando pagina 79 de 111...
2026-07-23 10:06:13 | INFO     | core.structurer:_process_document:70 - Docling processou pagina_079.pdf em 3.7s
2026-07-23 10:06:13 | INFO     | core.agents.agente_unico:_process_pdf_page:383 - [pag 79] Extraidas 3 regioes na pagina (structurer=DoclingStructurer)
2026-07-23 10:06:13 | INFO     | core.agents.agente_unico:_process_with_vision_by_regions:487 - [pag 79] Regiao 1 - tipo=embedded_image, bbox=(262.24493408203125, 83.0529556274414, 333.1856689453125, 150.79571533203125)
2026-07-23 10:06:14 | DEBUG    | core.agents.agente_unico:_process_region_with_vision:568 - [pag 79] Enviando regiao para visao (9647 bytes, tipo=embedded_image)
2026-07-23 10:06:14 | DEBUG    | core.ai.openrouter:send_message:70 - Enviando requisicao para OpenRouter (tentativa 1/5): modelo=nvidia/nemotron-nano-12b-v2-vl, image_count=1
2026-07-23 10:06:16 | INFO     | core.agents.agente_unico:_process_with_vision_by_regions:487 - [pag 79] Regiao 4 - tipo=embedded_image, bbox=(107.05379486083984, 306.2671813964844, 486.419189453125, 664.01318359375)
2026-07-23 10:06:20 | DEBUG    | core.agents.agente_unico:_process_region_with_vision:568 - [pag 79] Enviando regiao para visao (162811 bytes, tipo=embedded_image)
2026-07-23 10:06:20 | DEBUG    | core.ai.openrouter:send_message:70 - Enviando requisicao para OpenRouter (tentativa 1/5): modelo=nvidia/nemotron-nano-12b-v2-vl, image_count=1
2026-07-23 10:06:35 | INFO     | core.agents.agente_unico:_process_with_vision_by_regions:528 - [pag 79] 3 regioes (1, 2 visao sequencial)
2026-07-23 10:06:35 | DEBUG    | core.services.cache:set_cache:74 - Cache set: 67638a4b43177faf_page_79_normal
2026-07-23 10:06:35 | INFO     | core.agents.agente_unico:executar:298 - Resposta da pagina 79 salva em imagen079.txt
2026-07-23 10:06:35 | DEBUG    | interfaces.web.app:silent_status:131 - Web Pipeline Status [Roberto_DaMatta_-_O_que_faz_o_brasil__Brasil.pdf]: 📷 Processando pagina 80 de 111...
2026-07-23 10:06:36 | INFO     | core.structurer:_process_document:70 - Docling processou pagina_080.pdf em 1.2s
2026-07-23 10:06:36 | INFO     | core.agents.agente_unico:_process_pdf_page:383 - [pag 80] Extraidas 1 regioes na pagina (structurer=DoclingStructurer)
2026-07-23 10:06:36 | INFO     | core.agents.agente_unico:_process_pdf_page:417 - [pag 80] 1 regioes de texto limpo (sem IA de visao)
2026-07-23 10:06:36 | DEBUG    | core.services.cache:set_cache:74 - Cache set: 4fc5c79e8b8ce5f5_page_80_normal
2026-07-23 10:06:36 | INFO     | core.agents.agente_unico:executar:298 - Resposta da pagina 80 salva em imagen080.txt
2026-07-23 10:06:36 | DEBUG    | interfaces.web.app:silent_status:131 - Web Pipeline Status [Roberto_DaMatta_-_O_que_faz_o_brasil__Brasil.pdf]: 📷 Processando pagina 81 de 111...
2026-07-23 10:06:38 | INFO     | core.structurer:_process_document:70 - Docling processou pagina_081.pdf em 2.4s
2026-07-23 10:06:38 | INFO     | core.agents.agente_unico:_process_pdf_page:383 - [pag 81] Extraidas 4 regioes na pagina (structurer=DoclingStructurer)
2026-07-23 10:06:38 | INFO     | core.agents.agente_unico:_process_with_vision_by_regions:487 - [pag 81] Regiao 1 - tipo=embedded_image, bbox=(117.4697036743164, 75.31160736083984, 477.250244140625, 339.8419189453125)
2026-07-23 10:06:41 | DEBUG    | core.agents.agente_unico:_process_region_with_vision:568 - [pag 81] Enviando regiao para visao (81683 bytes, tipo=embedded_image)
2026-07-23 10:06:41 | DEBUG    | core.ai.openrouter:send_message:70 - Enviando requisicao para OpenRouter (tentativa 1/5): modelo=nvidia/nemotron-nano-12b-v2-vl, image_count=1
2026-07-23 10:06:49 | INFO     | core.agents.agente_unico:_process_with_vision_by_regions:528 - [pag 81] 4 regioes (3, 1 visao sequencial)
2026-07-23 10:06:49 | DEBUG    | core.services.cache:set_cache:74 - Cache set: 095277783a3d8489_page_81_normal
2026-07-23 10:06:49 | INFO     | core.agents.agente_unico:executar:298 - Resposta da pagina 81 salva em imagen081.txt
2026-07-23 10:06:49 | DEBUG    | interfaces.web.app:silent_status:131 - Web Pipeline Status [Roberto_DaMatta_-_O_que_faz_o_brasil__Brasil.pdf]: 📷 Processando pagina 82 de 111...
2026-07-23 10:06:50 | INFO     | core.structurer:_process_document:70 - Docling processou pagina_082.pdf em 1.2s
2026-07-23 10:06:50 | INFO     | core.agents.agente_unico:_process_pdf_page:383 - [pag 82] Extraidas 1 regioes na pagina (structurer=DoclingStructurer)
2026-07-23 10:06:50 | INFO     | core.agents.agente_unico:_process_pdf_page:417 - [pag 82] 1 regioes de texto limpo (sem IA de visao)
2026-07-23 10:06:50 | DEBUG    | core.services.cache:set_cache:74 - Cache set: 402dadfcc4a9ad37_page_82_normal
2026-07-23 10:06:50 | INFO     | core.agents.agente_unico:executar:298 - Resposta da pagina 82 salva em imagen082.txt
2026-07-23 10:06:50 | DEBUG    | interfaces.web.app:silent_status:131 - Web Pipeline Status [Roberto_DaMatta_-_O_que_faz_o_brasil__Brasil.pdf]: 📷 Processando pagina 83 de 111...
2026-07-23 10:06:52 | INFO     | core.structurer:_process_document:70 - Docling processou pagina_083.pdf em 1.2s
2026-07-23 10:06:52 | INFO     | core.agents.agente_unico:_process_pdf_page:383 - [pag 83] Extraidas 1 regioes na pagina (structurer=DoclingStructurer)
2026-07-23 10:06:52 | INFO     | core.agents.agente_unico:_process_pdf_page:417 - [pag 83] 1 regioes de texto limpo (sem IA de visao)
2026-07-23 10:06:52 | DEBUG    | core.services.cache:set_cache:74 - Cache set: c80fe86cdb701f75_page_83_normal
2026-07-23 10:06:52 | INFO     | core.agents.agente_unico:executar:298 - Resposta da pagina 83 salva em imagen083.txt
2026-07-23 10:06:52 | DEBUG    | interfaces.web.app:silent_status:131 - Web Pipeline Status [Roberto_DaMatta_-_O_que_faz_o_brasil__Brasil.pdf]: 📷 Processando pagina 84 de 111...
2026-07-23 10:06:53 | INFO     | core.structurer:_process_document:70 - Docling processou pagina_084.pdf em 1.2s
2026-07-23 10:06:53 | INFO     | core.agents.agente_unico:_process_pdf_page:383 - [pag 84] Extraidas 1 regioes na pagina (structurer=DoclingStructurer)
2026-07-23 10:06:53 | INFO     | core.agents.agente_unico:_process_pdf_page:417 - [pag 84] 1 regioes de texto limpo (sem IA de visao)
2026-07-23 10:06:53 | DEBUG    | core.services.cache:set_cache:74 - Cache set: fc43c8ce70867d6f_page_84_normal
2026-07-23 10:06:53 | INFO     | core.agents.agente_unico:executar:298 - Resposta da pagina 84 salva em imagen084.txt
2026-07-23 10:06:53 | DEBUG    | interfaces.web.app:silent_status:131 - Web Pipeline Status [Roberto_DaMatta_-_O_que_faz_o_brasil__Brasil.pdf]: 📷 Processando pagina 85 de 111...
2026-07-23 10:06:54 | INFO     | core.structurer:_process_document:70 - Docling processou pagina_085.pdf em 1.2s
2026-07-23 10:06:54 | INFO     | core.agents.agente_unico:_process_pdf_page:383 - [pag 85] Extraidas 1 regioes na pagina (structurer=DoclingStructurer)
2026-07-23 10:06:54 | INFO     | core.agents.agente_unico:_process_pdf_page:417 - [pag 85] 1 regioes de texto limpo (sem IA de visao)
2026-07-23 10:06:54 | DEBUG    | core.services.cache:set_cache:74 - Cache set: 79c655c0251a9804_page_85_normal
2026-07-23 10:06:54 | INFO     | core.agents.agente_unico:executar:298 - Resposta da pagina 85 salva em imagen085.txt
2026-07-23 10:06:54 | DEBUG    | interfaces.web.app:silent_status:131 - Web Pipeline Status [Roberto_DaMatta_-_O_que_faz_o_brasil__Brasil.pdf]: 📷 Processando pagina 86 de 111...
2026-07-23 10:06:55 | INFO     | core.structurer:_process_document:70 - Docling processou pagina_086.pdf em 1.2s
2026-07-23 10:06:55 | INFO     | core.agents.agente_unico:_process_pdf_page:383 - [pag 86] Extraidas 1 regioes na pagina (structurer=DoclingStructurer)
2026-07-23 10:06:55 | INFO     | core.agents.agente_unico:_process_pdf_page:417 - [pag 86] 1 regioes de texto limpo (sem IA de visao)
2026-07-23 10:06:55 | DEBUG    | core.services.cache:set_cache:74 - Cache set: ba1cf152d02917f7_page_86_normal
2026-07-23 10:06:55 | INFO     | core.agents.agente_unico:executar:298 - Resposta da pagina 86 salva em imagen086.txt
2026-07-23 10:06:55 | DEBUG    | interfaces.web.app:silent_status:131 - Web Pipeline Status [Roberto_DaMatta_-_O_que_faz_o_brasil__Brasil.pdf]: 📷 Processando pagina 87 de 111...
2026-07-23 10:06:57 | INFO     | core.structurer:_process_document:70 - Docling processou pagina_087.pdf em 1.3s
2026-07-23 10:06:57 | INFO     | core.agents.agente_unico:_process_pdf_page:383 - [pag 87] Extraidas 1 regioes na pagina (structurer=DoclingStructurer)
2026-07-23 10:06:57 | INFO     | core.agents.agente_unico:_process_pdf_page:417 - [pag 87] 1 regioes de texto limpo (sem IA de visao)
2026-07-23 10:06:57 | DEBUG    | core.services.cache:set_cache:74 - Cache set: bf0c64a1d13a10cb_page_87_normal
2026-07-23 10:06:57 | INFO     | core.agents.agente_unico:executar:298 - Resposta da pagina 87 salva em imagen087.txt
2026-07-23 10:06:57 | DEBUG    | interfaces.web.app:silent_status:131 - Web Pipeline Status [Roberto_DaMatta_-_O_que_faz_o_brasil__Brasil.pdf]: 📷 Processando pagina 88 de 111...
2026-07-23 10:06:58 | INFO     | core.structurer:_process_document:70 - Docling processou pagina_088.pdf em 1.2s
2026-07-23 10:06:58 | INFO     | core.agents.agente_unico:_process_pdf_page:383 - [pag 88] Extraidas 1 regioes na pagina (structurer=DoclingStructurer)
2026-07-23 10:06:58 | INFO     | core.agents.agente_unico:_process_pdf_page:417 - [pag 88] 1 regioes de texto limpo (sem IA de visao)
2026-07-23 10:06:58 | DEBUG    | core.services.cache:set_cache:74 - Cache set: 2e0b52d564b00a18_page_88_normal
2026-07-23 10:06:58 | INFO     | core.agents.agente_unico:executar:298 - Resposta da pagina 88 salva em imagen088.txt
2026-07-23 10:06:58 | DEBUG    | interfaces.web.app:silent_status:131 - Web Pipeline Status [Roberto_DaMatta_-_O_que_faz_o_brasil__Brasil.pdf]: 📷 Processando pagina 89 de 111...
2026-07-23 10:06:59 | INFO     | core.structurer:_process_document:70 - Docling processou pagina_089.pdf em 1.2s
2026-07-23 10:06:59 | INFO     | core.agents.agente_unico:_process_pdf_page:383 - [pag 89] Extraidas 1 regioes na pagina (structurer=DoclingStructurer)
2026-07-23 10:06:59 | INFO     | core.agents.agente_unico:_process_pdf_page:417 - [pag 89] 1 regioes de texto limpo (sem IA de visao)
2026-07-23 10:06:59 | DEBUG    | core.services.cache:set_cache:74 - Cache set: 6e2f77fae8431c25_page_89_normal
2026-07-23 10:06:59 | INFO     | core.agents.agente_unico:executar:298 - Resposta da pagina 89 salva em imagen089.txt
2026-07-23 10:06:59 | DEBUG    | interfaces.web.app:silent_status:131 - Web Pipeline Status [Roberto_DaMatta_-_O_que_faz_o_brasil__Brasil.pdf]: 📷 Processando pagina 90 de 111...
2026-07-23 10:07:03 | INFO     | core.structurer:_process_document:70 - Docling processou pagina_090.pdf em 3.5s
2026-07-23 10:07:03 | INFO     | core.agents.agente_unico:_process_pdf_page:383 - [pag 90] Extraidas 3 regioes na pagina (structurer=DoclingStructurer)
2026-07-23 10:07:03 | INFO     | core.agents.agente_unico:_process_with_vision_by_regions:487 - [pag 90] Regiao 1 - tipo=embedded_image, bbox=(264.7467956542969, 66.08309936523438, 331.68621826171875, 141.3481903076172)
2026-07-23 10:07:03 | DEBUG    | core.agents.agente_unico:_process_region_with_vision:568 - [pag 90] Enviando regiao para visao (12641 bytes, tipo=embedded_image)
2026-07-23 10:07:03 | DEBUG    | core.ai.openrouter:send_message:70 - Enviando requisicao para OpenRouter (tentativa 1/5): modelo=nvidia/nemotron-nano-12b-v2-vl, image_count=1
2026-07-23 10:07:07 | INFO     | core.agents.agente_unico:_process_with_vision_by_regions:487 - [pag 90] Regiao 4 - tipo=embedded_image, bbox=(106.49687194824219, 226.11920166015625, 479.9828796386719, 605.2048950195312)
2026-07-23 10:07:10 | DEBUG    | core.agents.agente_unico:_process_region_with_vision:568 - [pag 90] Enviando regiao para visao (93267 bytes, tipo=embedded_image)
2026-07-23 10:07:10 | DEBUG    | core.ai.openrouter:send_message:70 - Enviando requisicao para OpenRouter (tentativa 1/5): modelo=nvidia/nemotron-nano-12b-v2-vl, image_count=1
2026-07-23 10:07:26 | INFO     | core.agents.agente_unico:_process_with_vision_by_regions:528 - [pag 90] 3 regioes (1, 2 visao sequencial)
2026-07-23 10:07:26 | DEBUG    | core.services.cache:set_cache:74 - Cache set: d5fc89fd17e965bd_page_90_normal
2026-07-23 10:07:26 | INFO     | core.agents.agente_unico:executar:298 - Resposta da pagina 90 salva em imagen090.txt
2026-07-23 10:07:26 | DEBUG    | interfaces.web.app:silent_status:131 - Web Pipeline Status [Roberto_DaMatta_-_O_que_faz_o_brasil__Brasil.pdf]: 📷 Processando pagina 91 de 111...
2026-07-23 10:07:28 | INFO     | core.structurer:_process_document:70 - Docling processou pagina_091.pdf em 1.2s
2026-07-23 10:07:28 | INFO     | core.agents.agente_unico:_process_pdf_page:383 - [pag 91] Extraidas 1 regioes na pagina (structurer=DoclingStructurer)
2026-07-23 10:07:28 | INFO     | core.agents.agente_unico:_process_pdf_page:417 - [pag 91] 1 regioes de texto limpo (sem IA de visao)
2026-07-23 10:07:28 | DEBUG    | core.services.cache:set_cache:74 - Cache set: 1823c5492793113f_page_91_normal
2026-07-23 10:07:28 | INFO     | core.agents.agente_unico:executar:298 - Resposta da pagina 91 salva em imagen091.txt
2026-07-23 10:07:28 | DEBUG    | interfaces.web.app:silent_status:131 - Web Pipeline Status [Roberto_DaMatta_-_O_que_faz_o_brasil__Brasil.pdf]: 📷 Processando pagina 92 de 111...
2026-07-23 10:07:29 | INFO     | core.structurer:_process_document:70 - Docling processou pagina_092.pdf em 1.3s
2026-07-23 10:07:29 | INFO     | core.agents.agente_unico:_process_pdf_page:383 - [pag 92] Extraidas 1 regioes na pagina (structurer=DoclingStructurer)
2026-07-23 10:07:29 | INFO     | core.agents.agente_unico:_process_pdf_page:417 - [pag 92] 1 regioes de texto limpo (sem IA de visao)
2026-07-23 10:07:29 | DEBUG    | core.services.cache:set_cache:74 - Cache set: 92349078870964a0_page_92_normal
2026-07-23 10:07:29 | INFO     | core.agents.agente_unico:executar:298 - Resposta da pagina 92 salva em imagen092.txt
2026-07-23 10:07:29 | DEBUG    | interfaces.web.app:silent_status:131 - Web Pipeline Status [Roberto_DaMatta_-_O_que_faz_o_brasil__Brasil.pdf]: 📷 Processando pagina 93 de 111...
2026-07-23 10:07:30 | INFO     | core.structurer:_process_document:70 - Docling processou pagina_093.pdf em 1.2s
2026-07-23 10:07:30 | INFO     | core.agents.agente_unico:_process_pdf_page:383 - [pag 93] Extraidas 1 regioes na pagina (structurer=DoclingStructurer)
2026-07-23 10:07:30 | INFO     | core.agents.agente_unico:_process_pdf_page:417 - [pag 93] 1 regioes de texto limpo (sem IA de visao)
2026-07-23 10:07:30 | DEBUG    | core.services.cache:set_cache:74 - Cache set: 73fa1a39c0eaa554_page_93_normal
2026-07-23 10:07:30 | INFO     | core.agents.agente_unico:executar:298 - Resposta da pagina 93 salva em imagen093.txt
2026-07-23 10:07:30 | DEBUG    | interfaces.web.app:silent_status:131 - Web Pipeline Status [Roberto_DaMatta_-_O_que_faz_o_brasil__Brasil.pdf]: 📷 Processando pagina 94 de 111...
2026-07-23 10:07:31 | INFO     | core.structurer:_process_document:70 - Docling processou pagina_094.pdf em 1.2s
2026-07-23 10:07:31 | INFO     | core.agents.agente_unico:_process_pdf_page:383 - [pag 94] Extraidas 1 regioes na pagina (structurer=DoclingStructurer)
2026-07-23 10:07:31 | INFO     | core.agents.agente_unico:_process_pdf_page:417 - [pag 94] 1 regioes de texto limpo (sem IA de visao)
2026-07-23 10:07:31 | DEBUG    | core.services.cache:set_cache:74 - Cache set: 452914743d08d5c5_page_94_normal
2026-07-23 10:07:31 | INFO     | core.agents.agente_unico:executar:298 - Resposta da pagina 94 salva em imagen094.txt
2026-07-23 10:07:31 | DEBUG    | interfaces.web.app:silent_status:131 - Web Pipeline Status [Roberto_DaMatta_-_O_que_faz_o_brasil__Brasil.pdf]: 📷 Processando pagina 95 de 111...
2026-07-23 10:07:33 | INFO     | core.structurer:_process_document:70 - Docling processou pagina_095.pdf em 1.2s
2026-07-23 10:07:33 | INFO     | core.agents.agente_unico:_process_pdf_page:383 - [pag 95] Extraidas 1 regioes na pagina (structurer=DoclingStructurer)
2026-07-23 10:07:33 | INFO     | core.agents.agente_unico:_process_pdf_page:417 - [pag 95] 1 regioes de texto limpo (sem IA de visao)
2026-07-23 10:07:33 | DEBUG    | core.services.cache:set_cache:74 - Cache set: 0188b709968ee9ab_page_95_normal
2026-07-23 10:07:33 | INFO     | core.agents.agente_unico:executar:298 - Resposta da pagina 95 salva em imagen095.txt
2026-07-23 10:07:33 | DEBUG    | interfaces.web.app:silent_status:131 - Web Pipeline Status [Roberto_DaMatta_-_O_que_faz_o_brasil__Brasil.pdf]: 📷 Processando pagina 96 de 111...
2026-07-23 10:07:34 | INFO     | core.structurer:_process_document:70 - Docling processou pagina_096.pdf em 1.3s
2026-07-23 10:07:34 | INFO     | core.agents.agente_unico:_process_pdf_page:383 - [pag 96] Extraidas 1 regioes na pagina (structurer=DoclingStructurer)
2026-07-23 10:07:34 | INFO     | core.agents.agente_unico:_process_pdf_page:417 - [pag 96] 1 regioes de texto limpo (sem IA de visao)
2026-07-23 10:07:34 | DEBUG    | core.services.cache:set_cache:74 - Cache set: 6a2d1eb66caafc55_page_96_normal
2026-07-23 10:07:34 | INFO     | core.agents.agente_unico:executar:298 - Resposta da pagina 96 salva em imagen096.txt
2026-07-23 10:07:34 | DEBUG    | interfaces.web.app:silent_status:131 - Web Pipeline Status [Roberto_DaMatta_-_O_que_faz_o_brasil__Brasil.pdf]: 📷 Processando pagina 97 de 111...
2026-07-23 10:07:35 | INFO     | core.structurer:_process_document:70 - Docling processou pagina_097.pdf em 1.2s
2026-07-23 10:07:35 | INFO     | core.agents.agente_unico:_process_pdf_page:383 - [pag 97] Extraidas 1 regioes na pagina (structurer=DoclingStructurer)
2026-07-23 10:07:35 | INFO     | core.agents.agente_unico:_process_pdf_page:417 - [pag 97] 1 regioes de texto limpo (sem IA de visao)
2026-07-23 10:07:35 | DEBUG    | core.services.cache:set_cache:74 - Cache set: 1f91998bf4a1de37_page_97_normal
2026-07-23 10:07:35 | INFO     | core.agents.agente_unico:executar:298 - Resposta da pagina 97 salva em imagen097.txt
2026-07-23 10:07:35 | DEBUG    | interfaces.web.app:silent_status:131 - Web Pipeline Status [Roberto_DaMatta_-_O_que_faz_o_brasil__Brasil.pdf]: 📷 Processando pagina 98 de 111...
2026-07-23 10:07:36 | INFO     | core.structurer:_process_document:70 - Docling processou pagina_098.pdf em 1.3s
2026-07-23 10:07:36 | INFO     | core.agents.agente_unico:_process_pdf_page:383 - [pag 98] Extraidas 1 regioes na pagina (structurer=DoclingStructurer)
2026-07-23 10:07:36 | INFO     | core.agents.agente_unico:_process_pdf_page:417 - [pag 98] 1 regioes de texto limpo (sem IA de visao)
2026-07-23 10:07:36 | DEBUG    | core.services.cache:set_cache:74 - Cache set: 5dcfb3d0de5bc816_page_98_normal
2026-07-23 10:07:36 | INFO     | core.agents.agente_unico:executar:298 - Resposta da pagina 98 salva em imagen098.txt
2026-07-23 10:07:36 | DEBUG    | interfaces.web.app:silent_status:131 - Web Pipeline Status [Roberto_DaMatta_-_O_que_faz_o_brasil__Brasil.pdf]: 📷 Processando pagina 99 de 111...
2026-07-23 10:07:39 | INFO     | core.structurer:_process_document:70 - Docling processou pagina_099.pdf em 2.5s
2026-07-23 10:07:39 | INFO     | core.agents.agente_unico:_process_pdf_page:383 - [pag 99] Extraidas 3 regioes na pagina (structurer=DoclingStructurer)
2026-07-23 10:07:39 | INFO     | core.agents.agente_unico:_process_with_vision_by_regions:487 - [pag 99] Regiao 2 - tipo=embedded_image, bbox=(84.84458923339844, 363.358154296875, 510.8759765625, 642.2431030273438)
2026-07-23 10:07:42 | DEBUG    | core.agents.agente_unico:_process_region_with_vision:568 - [pag 99] Enviando regiao para visao (95829 bytes, tipo=embedded_image)
2026-07-23 10:07:42 | DEBUG    | core.ai.openrouter:send_message:70 - Enviando requisicao para OpenRouter (tentativa 1/5): modelo=nvidia/nemotron-nano-12b-v2-vl, image_count=1
2026-07-23 10:07:49 | INFO     | core.agents.agente_unico:_process_with_vision_by_regions:528 - [pag 99] 3 regioes (2, 1 visao sequencial)
2026-07-23 10:07:49 | DEBUG    | core.services.cache:set_cache:74 - Cache set: ed779c0583132295_page_99_normal
2026-07-23 10:07:49 | INFO     | core.agents.agente_unico:executar:298 - Resposta da pagina 99 salva em imagen099.txt
2026-07-23 10:07:49 | DEBUG    | interfaces.web.app:silent_status:131 - Web Pipeline Status [Roberto_DaMatta_-_O_que_faz_o_brasil__Brasil.pdf]: 📷 Processando pagina 100 de 111...
2026-07-23 10:07:50 | INFO     | core.structurer:_process_document:70 - Docling processou pagina_100.pdf em 1.1s
2026-07-23 10:07:50 | INFO     | core.agents.agente_unico:_process_pdf_page:383 - [pag 100] Extraidas 1 regioes na pagina (structurer=DoclingStructurer)
2026-07-23 10:07:50 | INFO     | core.agents.agente_unico:_process_pdf_page:417 - [pag 100] 1 regioes de texto limpo (sem IA de visao)
2026-07-23 10:07:50 | DEBUG    | core.services.cache:set_cache:74 - Cache set: 4fb807588ed335f7_page_100_normal
2026-07-23 10:07:50 | INFO     | core.agents.agente_unico:executar:298 - Resposta da pagina 100 salva em imagen100.txt
2026-07-23 10:07:50 | DEBUG    | interfaces.web.app:silent_status:131 - Web Pipeline Status [Roberto_DaMatta_-_O_que_faz_o_brasil__Brasil.pdf]: 📷 Processando pagina 101 de 111...
2026-07-23 10:07:51 | INFO     | core.structurer:_process_document:70 - Docling processou pagina_101.pdf em 1.2s
2026-07-23 10:07:51 | INFO     | core.agents.agente_unico:_process_pdf_page:383 - [pag 101] Extraidas 3 regioes na pagina (structurer=DoclingStructurer)
2026-07-23 10:07:51 | INFO     | core.agents.agente_unico:_process_pdf_page:417 - [pag 101] 3 regioes de texto limpo (sem IA de visao)
2026-07-23 10:07:51 | DEBUG    | core.services.cache:set_cache:74 - Cache set: 4a4675d5b216ee78_page_101_normal
2026-07-23 10:07:51 | INFO     | core.agents.agente_unico:executar:298 - Resposta da pagina 101 salva em imagen101.txt
2026-07-23 10:07:51 | DEBUG    | interfaces.web.app:silent_status:131 - Web Pipeline Status [Roberto_DaMatta_-_O_que_faz_o_brasil__Brasil.pdf]: 📷 Processando pagina 102 de 111...
2026-07-23 10:07:53 | INFO     | core.structurer:_process_document:70 - Docling processou pagina_102.pdf em 1.2s
2026-07-23 10:07:53 | INFO     | core.agents.agente_unico:_process_pdf_page:383 - [pag 102] Extraidas 1 regioes na pagina (structurer=DoclingStructurer)
2026-07-23 10:07:53 | INFO     | core.agents.agente_unico:_process_pdf_page:417 - [pag 102] 1 regioes de texto limpo (sem IA de visao)
2026-07-23 10:07:53 | DEBUG    | core.services.cache:set_cache:74 - Cache set: 751484e5a9ec9947_page_102_normal
2026-07-23 10:07:53 | INFO     | core.agents.agente_unico:executar:298 - Resposta da pagina 102 salva em imagen102.txt
2026-07-23 10:07:53 | DEBUG    | interfaces.web.app:silent_status:131 - Web Pipeline Status [Roberto_DaMatta_-_O_que_faz_o_brasil__Brasil.pdf]: 📷 Processando pagina 103 de 111...
2026-07-23 10:07:54 | INFO     | core.structurer:_process_document:70 - Docling processou pagina_103.pdf em 1.2s
2026-07-23 10:07:54 | INFO     | core.agents.agente_unico:_process_pdf_page:383 - [pag 103] Extraidas 1 regioes na pagina (structurer=DoclingStructurer)
2026-07-23 10:07:54 | INFO     | core.agents.agente_unico:_process_pdf_page:417 - [pag 103] 1 regioes de texto limpo (sem IA de visao)
2026-07-23 10:07:54 | DEBUG    | core.services.cache:set_cache:74 - Cache set: d80ad550cfb92979_page_103_normal
2026-07-23 10:07:54 | INFO     | core.agents.agente_unico:executar:298 - Resposta da pagina 103 salva em imagen103.txt
2026-07-23 10:07:54 | DEBUG    | interfaces.web.app:silent_status:131 - Web Pipeline Status [Roberto_DaMatta_-_O_que_faz_o_brasil__Brasil.pdf]: 📷 Processando pagina 104 de 111...
2026-07-23 10:07:55 | INFO     | core.structurer:_process_document:70 - Docling processou pagina_104.pdf em 1.3s
2026-07-23 10:07:55 | INFO     | core.agents.agente_unico:_process_pdf_page:383 - [pag 104] Extraidas 2 regioes na pagina (structurer=DoclingStructurer)
2026-07-23 10:07:55 | INFO     | core.agents.agente_unico:_process_pdf_page:417 - [pag 104] 2 regioes de texto limpo (sem IA de visao)
2026-07-23 10:07:55 | DEBUG    | core.services.cache:set_cache:74 - Cache set: 0d073a006869234b_page_104_normal
2026-07-23 10:07:55 | INFO     | core.agents.agente_unico:executar:298 - Resposta da pagina 104 salva em imagen104.txt
2026-07-23 10:07:55 | DEBUG    | interfaces.web.app:silent_status:131 - Web Pipeline Status [Roberto_DaMatta_-_O_que_faz_o_brasil__Brasil.pdf]: 📷 Processando pagina 105 de 111...
2026-07-23 10:07:56 | INFO     | core.structurer:_process_document:70 - Docling processou pagina_105.pdf em 1.3s
2026-07-23 10:07:56 | INFO     | core.agents.agente_unico:_process_pdf_page:383 - [pag 105] Extraidas 2 regioes na pagina (structurer=DoclingStructurer)
2026-07-23 10:07:56 | INFO     | core.agents.agente_unico:_process_pdf_page:417 - [pag 105] 2 regioes de texto limpo (sem IA de visao)
2026-07-23 10:07:57 | DEBUG    | core.services.cache:set_cache:74 - Cache set: 79b5bdab7bb67503_page_105_normal
2026-07-23 10:07:57 | INFO     | core.agents.agente_unico:executar:298 - Resposta da pagina 105 salva em imagen105.txt
2026-07-23 10:07:57 | DEBUG    | interfaces.web.app:silent_status:131 - Web Pipeline Status [Roberto_DaMatta_-_O_que_faz_o_brasil__Brasil.pdf]: 📷 Processando pagina 106 de 111...
2026-07-23 10:07:58 | INFO     | core.structurer:_process_document:70 - Docling processou pagina_106.pdf em 1.3s
2026-07-23 10:07:58 | INFO     | core.agents.agente_unico:_process_pdf_page:383 - [pag 106] Extraidas 2 regioes na pagina (structurer=DoclingStructurer)
2026-07-23 10:07:58 | INFO     | core.agents.agente_unico:_process_pdf_page:417 - [pag 106] 2 regioes de texto limpo (sem IA de visao)
2026-07-23 10:07:58 | DEBUG    | core.services.cache:set_cache:74 - Cache set: 968b0489baaa0cda_page_106_normal
2026-07-23 10:07:58 | INFO     | core.agents.agente_unico:executar:298 - Resposta da pagina 106 salva em imagen106.txt
2026-07-23 10:07:58 | DEBUG    | interfaces.web.app:silent_status:131 - Web Pipeline Status [Roberto_DaMatta_-_O_que_faz_o_brasil__Brasil.pdf]: 📷 Processando pagina 107 de 111...
2026-07-23 10:07:59 | INFO     | core.structurer:_process_document:70 - Docling processou pagina_107.pdf em 1.2s
2026-07-23 10:07:59 | INFO     | core.agents.agente_unico:_process_pdf_page:383 - [pag 107] Extraidas 2 regioes na pagina (structurer=DoclingStructurer)
2026-07-23 10:07:59 | INFO     | core.agents.agente_unico:_process_pdf_page:417 - [pag 107] 2 regioes de texto limpo (sem IA de visao)
2026-07-23 10:07:59 | DEBUG    | core.services.cache:set_cache:74 - Cache set: d67e82ede0605d16_page_107_normal
2026-07-23 10:07:59 | INFO     | core.agents.agente_unico:executar:298 - Resposta da pagina 107 salva em imagen107.txt
2026-07-23 10:07:59 | DEBUG    | interfaces.web.app:silent_status:131 - Web Pipeline Status [Roberto_DaMatta_-_O_que_faz_o_brasil__Brasil.pdf]: 📷 Processando pagina 108 de 111...
2026-07-23 10:08:01 | INFO     | core.structurer:_process_document:70 - Docling processou pagina_108.pdf em 2.2s
2026-07-23 10:08:01 | INFO     | core.agents.agente_unico:_process_pdf_page:383 - [pag 108] Extraidas 2 regioes na pagina (structurer=DoclingStructurer)
2026-07-23 10:08:01 | INFO     | core.agents.agente_unico:_process_with_vision_by_regions:487 - [pag 108] Regiao 2 - tipo=embedded_image, bbox=(213.6203155517578, 132.9768524169922, 384.3614196777344, 403.2322692871094)
2026-07-23 10:08:02 | DEBUG    | core.agents.agente_unico:_process_region_with_vision:568 - [pag 108] Enviando regiao para visao (61932 bytes, tipo=embedded_image)
2026-07-23 10:08:02 | DEBUG    | core.ai.openrouter:send_message:70 - Enviando requisicao para OpenRouter (tentativa 1/5): modelo=nvidia/nemotron-nano-12b-v2-vl, image_count=1
2026-07-23 10:08:11 | INFO     | core.agents.agente_unico:_process_with_vision_by_regions:528 - [pag 108] 2 regioes (1, 1 visao sequencial)
2026-07-23 10:08:11 | DEBUG    | core.services.cache:set_cache:74 - Cache set: 64742543a4a96a8d_page_108_normal
2026-07-23 10:08:11 | INFO     | core.agents.agente_unico:executar:298 - Resposta da pagina 108 salva em imagen108.txt
2026-07-23 10:08:11 | DEBUG    | interfaces.web.app:silent_status:131 - Web Pipeline Status [Roberto_DaMatta_-_O_que_faz_o_brasil__Brasil.pdf]: 📷 Processando pagina 109 de 111...
2026-07-23 10:08:13 | INFO     | core.structurer:_process_document:70 - Docling processou pagina_109.pdf em 2.2s
2026-07-23 10:08:13 | INFO     | core.agents.agente_unico:_process_pdf_page:383 - [pag 109] Extraidas 3 regioes na pagina (structurer=DoclingStructurer)
2026-07-23 10:08:13 | INFO     | core.agents.agente_unico:_process_with_vision_by_regions:487 - [pag 109] Regiao 3 - tipo=embedded_image, bbox=(219.7505340576172, 505.1417541503906, 345.8470153808594, 766.9625854492188)
2026-07-23 10:08:14 | DEBUG    | core.agents.agente_unico:_process_region_with_vision:568 - [pag 109] Enviando regiao para visao (43904 bytes, tipo=embedded_image)
2026-07-23 10:08:14 | DEBUG    | core.ai.openrouter:send_message:70 - Enviando requisicao para OpenRouter (tentativa 1/5): modelo=nvidia/nemotron-nano-12b-v2-vl, image_count=1
2026-07-23 10:08:22 | INFO     | core.agents.agente_unico:_process_with_vision_by_regions:528 - [pag 109] 3 regioes (2, 1 visao sequencial)
2026-07-23 10:08:22 | DEBUG    | core.services.cache:set_cache:74 - Cache set: 0f7ab43290fbd43b_page_109_normal
2026-07-23 10:08:22 | INFO     | core.agents.agente_unico:executar:298 - Resposta da pagina 109 salva em imagen109.txt
2026-07-23 10:08:22 | DEBUG    | interfaces.web.app:silent_status:131 - Web Pipeline Status [Roberto_DaMatta_-_O_que_faz_o_brasil__Brasil.pdf]: 📷 Processando pagina 110 de 111...
2026-07-23 10:08:23 | INFO     | core.structurer:_process_document:70 - Docling processou pagina_110.pdf em 1.1s
2026-07-23 10:08:23 | INFO     | core.agents.agente_unico:_process_pdf_page:383 - [pag 110] Extraidas 1 regioes na pagina (structurer=DoclingStructurer)
2026-07-23 10:08:23 | INFO     | core.agents.agente_unico:_process_pdf_page:417 - [pag 110] 1 regioes de texto limpo (sem IA de visao)
2026-07-23 10:08:23 | DEBUG    | core.services.cache:set_cache:74 - Cache set: 7ef7b62992022112_page_110_normal
2026-07-23 10:08:23 | INFO     | core.agents.agente_unico:executar:298 - Resposta da pagina 110 salva em imagen110.txt
2026-07-23 10:08:23 | DEBUG    | interfaces.web.app:silent_status:131 - Web Pipeline Status [Roberto_DaMatta_-_O_que_faz_o_brasil__Brasil.pdf]: 📷 Processando pagina 111 de 111...
2026-07-23 10:08:42 | INFO     | core.structurer:_process_document:70 - Docling processou pagina_111.pdf em 19.0s
2026-07-23 10:08:42 | INFO     | core.agents.agente_unico:_process_pdf_page:383 - [pag 111] Extraidas 6 regioes na pagina (structurer=DoclingStructurer)
2026-07-23 10:08:42 | INFO     | core.agents.agente_unico:_process_with_vision_by_regions:487 - [pag 111] Regiao 3 - tipo=embedded_image, bbox=(365.1307373046875, 518.4259033203125, 440.3303527832031, 574.072265625)
2026-07-23 10:08:42 | DEBUG    | core.agents.agente_unico:_process_region_with_vision:568 - [pag 111] Enviando regiao para visao (16999 bytes, tipo=embedded_image)
2026-07-23 10:08:42 | DEBUG    | core.ai.openrouter:send_message:70 - Enviando requisicao para OpenRouter (tentativa 1/5): modelo=nvidia/nemotron-nano-12b-v2-vl, image_count=1
2026-07-23 10:08:47 | INFO     | core.agents.agente_unico:_process_with_vision_by_regions:487 - [pag 111] Regiao 5 - tipo=embedded_image, bbox=(95.94365692138672, 634.5910034179688, 498.5391845703125, 701.9617309570312)
2026-07-23 10:08:47 | DEBUG    | core.agents.agente_unico:_process_region_with_vision:568 - [pag 111] Enviando regiao para visao (61943 bytes, tipo=embedded_image)
2026-07-23 10:08:47 | DEBUG    | core.ai.openrouter:send_message:70 - Enviando requisicao para OpenRouter (tentativa 1/5): modelo=nvidia/nemotron-nano-12b-v2-vl, image_count=1
2026-07-23 10:08:55 | INFO     | core.agents.agente_unico:_process_with_vision_by_regions:528 - [pag 111] 6 regioes (4, 2 visao sequencial)
2026-07-23 10:08:55 | DEBUG    | core.services.cache:set_cache:74 - Cache set: f53493c9dad1104e_page_111_normal
2026-07-23 10:08:55 | INFO     | core.agents.agente_unico:executar:298 - Resposta da pagina 111 salva em imagen111.txt
2026-07-23 10:08:55 | INFO     | core.agents.agente_unico:executar:319 - AgenteUnico: 111 paginas processadas, 213887 chars no total
2026-07-23 10:08:55 | DEBUG    | core.services.cache:set_cache:74 - Cache set: 00aea425fe6a7d75_openrouter-v1
2026-07-23 10:08:55 | DEBUG    | interfaces.web.app:silent_status:131 - Web Pipeline Status [Roberto_DaMatta_-_O_que_faz_o_brasil__Brasil.pdf]: ✅ Processamento finalizado com sucesso!
2026-07-23 10:08:55 | DEBUG    | adapters.exporters:export_txt:21 - Exportando TXT para %s
2026-07-23 10:08:55 | DEBUG    | adapters.exporters:export_txt:22 - Exportando TXT para %s
2026-07-23 10:08:55 | DEBUG    | core.exporters.txt_exporter:export_txt:20 - TXT exportado: C:\Users\JHONATA\AppData\Local\Temp\a11y-devs-describer\temp\web_output\86a0ed0c344a47cebbd1c4c2620ed433\86a0ed0c344a47cebbd1c4c2620ed433.txt
2026-07-23 10:08:55 | DEBUG    | adapters.exporters:export_docx:26 - Exportando DOCX para %s
2026-07-23 10:08:55 | DEBUG    | adapters.exporters:export_docx:27 - Exportando DOCX para %s
2026-07-23 10:09:00 | DEBUG    | core.exporters.docx_exporter:export_docx:21 - DOCX exportado: C:\Users\JHONATA\AppData\Local\Temp\a11y-devs-describer\temp\web_output\86a0ed0c344a47cebbd1c4c2620ed433\86a0ed0c344a47cebbd1c4c2620ed433.docx
2026-07-23 10:09:00 | DEBUG    | adapters.exporters:export_pdf:31 - Exportando PDF para %s
2026-07-23 10:09:00 | DEBUG    | adapters.exporters:export_pdf:32 - Exportando PDF para %s
2026-07-23 10:09:00 | DEBUG    | core.exporters.pdf_exporter:export_pdf:20 - PDF exportado com bookmarks e numeracao: C:\Users\JHONATA\AppData\Local\Temp\a11y-devs-describer\temp\web_output\86a0ed0c344a47cebbd1c4c2620ed433\86a0ed0c344a47cebbd1c4c2620ed433.pdf
2026-07-23 10:09:00 | DEBUG    | adapters.exporters:export_mp3:36 - Exportando MP3 para %s
2026-07-23 10:09:00 | DEBUG    | adapters.exporters:export_mp3:37 - Exportando MP3 para %s
2026-07-23 10:09:00 | DEBUG    | core.exporters.audio_exporter:export_mp3:15 - Iniciando geração de áudio granular (TTS): pt-BR-ThalitaNeural -> C:\Users\JHONATA\AppData\Local\Temp\a11y-devs-describer\temp\web_output\86a0ed0c344a47cebbd1c4c2620ed433\86a0ed0c344a47cebbd1c4c2620ed433.mp3
2026-07-23 10:09:11 | INFO     | core.exporters.audio_exporter:process_chunk:47 - Gerando áudio (TTS): 1/120 blocos concluídos (0%)
2026-07-23 10:09:15 | INFO     | core.exporters.audio_exporter:process_chunk:47 - Gerando áudio (TTS): 2/120 blocos concluídos (1%)
2026-07-23 10:09:19 | INFO     | core.exporters.audio_exporter:process_chunk:47 - Gerando áudio (TTS): 3/120 blocos concluídos (2%)
2026-07-23 10:09:19 | INFO     | core.exporters.audio_exporter:process_chunk:47 - Gerando áudio (TTS): 4/120 blocos concluídos (3%)
2026-07-23 10:09:35 | INFO     | core.exporters.audio_exporter:process_chunk:47 - Gerando áudio (TTS): 5/120 blocos concluídos (4%)
2026-07-23 10:09:46 | INFO     | core.exporters.audio_exporter:process_chunk:47 - Gerando áudio (TTS): 6/120 blocos concluídos (5%)
2026-07-23 10:09:52 | INFO     | core.exporters.audio_exporter:process_chunk:47 - Gerando áudio (TTS): 7/120 blocos concluídos (5%)
2026-07-23 10:09:53 | INFO     | core.exporters.audio_exporter:process_chunk:47 - Gerando áudio (TTS): 8/120 blocos concluídos (6%)
2026-07-23 10:09:59 | INFO     | core.exporters.audio_exporter:process_chunk:47 - Gerando áudio (TTS): 9/120 blocos concluídos (7%)
2026-07-23 10:10:09 | INFO     | core.exporters.audio_exporter:process_chunk:47 - Gerando áudio (TTS): 10/120 blocos concluídos (8%)
2026-07-23 10:10:14 | INFO     | core.exporters.audio_exporter:process_chunk:47 - Gerando áudio (TTS): 11/120 blocos concluídos (9%)
2026-07-23 10:10:20 | INFO     | core.exporters.audio_exporter:process_chunk:47 - Gerando áudio (TTS): 12/120 blocos concluídos (10%)
2026-07-23 10:10:22 | INFO     | core.exporters.audio_exporter:process_chunk:47 - Gerando áudio (TTS): 13/120 blocos concluídos (10%)
2026-07-23 10:10:26 | INFO     | core.exporters.audio_exporter:process_chunk:47 - Gerando áudio (TTS): 14/120 blocos concluídos (11%)
2026-07-23 10:10:27 | INFO     | core.exporters.audio_exporter:process_chunk:47 - Gerando áudio (TTS): 15/120 blocos concluídos (12%)
2026-07-23 10:10:39 | INFO     | core.exporters.audio_exporter:process_chunk:47 - Gerando áudio (TTS): 16/120 blocos concluídos (13%)
2026-07-23 10:10:40 | INFO     | core.exporters.audio_exporter:process_chunk:47 - Gerando áudio (TTS): 17/120 blocos concluídos (14%)
2026-07-23 10:10:45 | INFO     | core.exporters.audio_exporter:process_chunk:47 - Gerando áudio (TTS): 18/120 blocos concluídos (15%)
2026-07-23 10:10:46 | INFO     | core.exporters.audio_exporter:process_chunk:47 - Gerando áudio (TTS): 19/120 blocos concluídos (15%)
2026-07-23 10:10:51 | INFO     | core.exporters.audio_exporter:process_chunk:47 - Gerando áudio (TTS): 20/120 blocos concluídos (16%)
2026-07-23 10:11:05 | INFO     | core.exporters.audio_exporter:process_chunk:47 - Gerando áudio (TTS): 21/120 blocos concluídos (17%)
2026-07-23 10:11:15 | INFO     | core.exporters.audio_exporter:process_chunk:47 - Gerando áudio (TTS): 22/120 blocos concluídos (18%)
2026-07-23 10:11:18 | INFO     | core.exporters.audio_exporter:process_chunk:47 - Gerando áudio (TTS): 23/120 blocos concluídos (19%)
2026-07-23 10:11:19 | INFO     | core.exporters.audio_exporter:process_chunk:47 - Gerando áudio (TTS): 24/120 blocos concluídos (20%)
2026-07-23 10:11:21 | INFO     | core.exporters.audio_exporter:process_chunk:47 - Gerando áudio (TTS): 25/120 blocos concluídos (20%)
2026-07-23 10:11:29 | INFO     | core.exporters.audio_exporter:process_chunk:47 - Gerando áudio (TTS): 26/120 blocos concluídos (21%)
2026-07-23 10:11:37 | INFO     | core.exporters.audio_exporter:process_chunk:47 - Gerando áudio (TTS): 27/120 blocos concluídos (22%)
2026-07-23 10:11:38 | INFO     | core.exporters.audio_exporter:process_chunk:47 - Gerando áudio (TTS): 28/120 blocos concluídos (23%)
2026-07-23 10:11:41 | INFO     | core.exporters.audio_exporter:process_chunk:47 - Gerando áudio (TTS): 29/120 blocos concluídos (24%)
2026-07-23 10:11:50 | INFO     | core.exporters.audio_exporter:process_chunk:47 - Gerando áudio (TTS): 30/120 blocos concluídos (25%)
2026-07-23 10:11:51 | INFO     | core.exporters.audio_exporter:process_chunk:47 - Gerando áudio (TTS): 31/120 blocos concluídos (25%)
2026-07-23 10:11:52 | INFO     | core.exporters.audio_exporter:process_chunk:47 - Gerando áudio (TTS): 32/120 blocos concluídos (26%)
2026-07-23 10:11:57 | INFO     | core.exporters.audio_exporter:process_chunk:47 - Gerando áudio (TTS): 33/120 blocos concluídos (27%)
2026-07-23 10:12:14 | INFO     | core.exporters.audio_exporter:process_chunk:47 - Gerando áudio (TTS): 34/120 blocos concluídos (28%)
2026-07-23 10:12:14 | INFO     | core.exporters.audio_exporter:process_chunk:47 - Gerando áudio (TTS): 35/120 blocos concluídos (29%)
2026-07-23 10:12:17 | INFO     | core.exporters.audio_exporter:process_chunk:47 - Gerando áudio (TTS): 36/120 blocos concluídos (30%)
2026-07-23 10:12:25 | INFO     | core.exporters.audio_exporter:process_chunk:47 - Gerando áudio (TTS): 37/120 blocos concluídos (30%)
2026-07-23 10:12:29 | INFO     | core.exporters.audio_exporter:process_chunk:47 - Gerando áudio (TTS): 38/120 blocos concluídos (31%)
2026-07-23 10:12:29 | INFO     | core.exporters.audio_exporter:process_chunk:47 - Gerando áudio (TTS): 39/120 blocos concluídos (32%)
2026-07-23 10:12:31 | INFO     | core.exporters.audio_exporter:process_chunk:47 - Gerando áudio (TTS): 40/120 blocos concluídos (33%)
2026-07-23 10:12:48 | INFO     | core.exporters.audio_exporter:process_chunk:47 - Gerando áudio (TTS): 41/120 blocos concluídos (34%)
2026-07-23 10:13:02 | INFO     | core.exporters.audio_exporter:process_chunk:47 - Gerando áudio (TTS): 42/120 blocos concluídos (35%)
2026-07-23 10:13:04 | INFO     | core.exporters.audio_exporter:process_chunk:47 - Gerando áudio (TTS): 43/120 blocos concluídos (35%)
2026-07-23 10:13:05 | INFO     | core.exporters.audio_exporter:process_chunk:47 - Gerando áudio (TTS): 44/120 blocos concluídos (36%)
2026-07-23 10:13:23 | INFO     | core.exporters.audio_exporter:process_chunk:47 - Gerando áudio (TTS): 45/120 blocos concluídos (37%)
2026-07-23 10:13:24 | INFO     | core.exporters.audio_exporter:process_chunk:47 - Gerando áudio (TTS): 46/120 blocos concluídos (38%)
2026-07-23 10:13:28 | INFO     | core.exporters.audio_exporter:process_chunk:47 - Gerando áudio (TTS): 47/120 blocos concluídos (39%)
2026-07-23 10:13:32 | INFO     | core.exporters.audio_exporter:process_chunk:47 - Gerando áudio (TTS): 48/120 blocos concluídos (40%)
2026-07-23 10:13:36 | INFO     | core.exporters.audio_exporter:process_chunk:47 - Gerando áudio (TTS): 49/120 blocos concluídos (40%)
2026-07-23 10:13:50 | INFO     | core.exporters.audio_exporter:process_chunk:47 - Gerando áudio (TTS): 50/120 blocos concluídos (41%)
2026-07-23 10:13:52 | INFO     | core.exporters.audio_exporter:process_chunk:47 - Gerando áudio (TTS): 51/120 blocos concluídos (42%)
2026-07-23 10:13:53 | INFO     | core.exporters.audio_exporter:process_chunk:47 - Gerando áudio (TTS): 52/120 blocos concluídos (43%)
2026-07-23 10:13:58 | INFO     | core.exporters.audio_exporter:process_chunk:47 - Gerando áudio (TTS): 53/120 blocos concluídos (44%)
2026-07-23 10:14:00 | INFO     | core.exporters.audio_exporter:process_chunk:47 - Gerando áudio (TTS): 54/120 blocos concluídos (45%)
2026-07-23 10:14:15 | INFO     | core.exporters.audio_exporter:process_chunk:47 - Gerando áudio (TTS): 55/120 blocos concluídos (45%)
2026-07-23 10:14:18 | INFO     | core.exporters.audio_exporter:process_chunk:47 - Gerando áudio (TTS): 56/120 blocos concluídos (46%)
2026-07-23 10:14:19 | INFO     | core.exporters.audio_exporter:process_chunk:47 - Gerando áudio (TTS): 57/120 blocos concluídos (47%)
2026-07-23 10:14:24 | INFO     | core.exporters.audio_exporter:process_chunk:47 - Gerando áudio (TTS): 58/120 blocos concluídos (48%)
2026-07-23 10:14:30 | INFO     | core.exporters.audio_exporter:process_chunk:47 - Gerando áudio (TTS): 59/120 blocos concluídos (49%)
2026-07-23 10:14:30 | INFO     | core.exporters.audio_exporter:process_chunk:47 - Gerando áudio (TTS): 60/120 blocos concluídos (50%)
2026-07-23 10:14:38 | INFO     | core.exporters.audio_exporter:process_chunk:47 - Gerando áudio (TTS): 61/120 blocos concluídos (50%)
2026-07-23 10:14:42 | INFO     | core.exporters.audio_exporter:process_chunk:47 - Gerando áudio (TTS): 62/120 blocos concluídos (51%)
2026-07-23 10:14:50 | INFO     | core.exporters.audio_exporter:process_chunk:47 - Gerando áudio (TTS): 63/120 blocos concluídos (52%)
2026-07-23 10:14:56 | INFO     | core.exporters.audio_exporter:process_chunk:47 - Gerando áudio (TTS): 64/120 blocos concluídos (53%)
2026-07-23 10:15:01 | INFO     | core.exporters.audio_exporter:process_chunk:47 - Gerando áudio (TTS): 65/120 blocos concluídos (54%)
2026-07-23 10:15:06 | INFO     | core.exporters.audio_exporter:process_chunk:47 - Gerando áudio (TTS): 66/120 blocos concluídos (55%)
2026-07-23 10:15:07 | INFO     | core.exporters.audio_exporter:process_chunk:47 - Gerando áudio (TTS): 67/120 blocos concluídos (55%)
2026-07-23 10:15:14 | INFO     | core.exporters.audio_exporter:process_chunk:47 - Gerando áudio (TTS): 68/120 blocos concluídos (56%)
2026-07-23 10:15:18 | INFO     | core.exporters.audio_exporter:process_chunk:47 - Gerando áudio (TTS): 69/120 blocos concluídos (57%)
2026-07-23 10:15:31 | INFO     | core.exporters.audio_exporter:process_chunk:47 - Gerando áudio (TTS): 70/120 blocos concluídos (58%)
2026-07-23 10:15:35 | INFO     | core.exporters.audio_exporter:process_chunk:47 - Gerando áudio (TTS): 71/120 blocos concluídos (59%)
2026-07-23 10:15:40 | INFO     | core.exporters.audio_exporter:process_chunk:47 - Gerando áudio (TTS): 72/120 blocos concluídos (60%)
2026-07-23 10:15:52 | INFO     | core.exporters.audio_exporter:process_chunk:47 - Gerando áudio (TTS): 73/120 blocos concluídos (60%)
2026-07-23 10:15:53 | INFO     | core.exporters.audio_exporter:process_chunk:47 - Gerando áudio (TTS): 74/120 blocos concluídos (61%)
2026-07-23 10:16:05 | INFO     | core.exporters.audio_exporter:process_chunk:47 - Gerando áudio (TTS): 75/120 blocos concluídos (62%)
2026-07-23 10:16:06 | INFO     | core.exporters.audio_exporter:process_chunk:47 - Gerando áudio (TTS): 76/120 blocos concluídos (63%)
2026-07-23 10:16:07 | INFO     | core.exporters.audio_exporter:process_chunk:47 - Gerando áudio (TTS): 77/120 blocos concluídos (64%)
2026-07-23 10:16:13 | INFO     | core.exporters.audio_exporter:process_chunk:47 - Gerando áudio (TTS): 78/120 blocos concluídos (65%)
2026-07-23 10:16:24 | INFO     | core.exporters.audio_exporter:process_chunk:47 - Gerando áudio (TTS): 79/120 blocos concluídos (65%)
2026-07-23 10:16:25 | INFO     | core.exporters.audio_exporter:process_chunk:47 - Gerando áudio (TTS): 80/120 blocos concluídos (66%)
2026-07-23 10:16:32 | INFO     | core.exporters.audio_exporter:process_chunk:47 - Gerando áudio (TTS): 81/120 blocos concluídos (67%)
2026-07-23 10:16:40 | INFO     | core.exporters.audio_exporter:process_chunk:47 - Gerando áudio (TTS): 82/120 blocos concluídos (68%)
2026-07-23 10:16:42 | INFO     | core.exporters.audio_exporter:process_chunk:47 - Gerando áudio (TTS): 83/120 blocos concluídos (69%)
2026-07-23 10:16:43 | INFO     | core.exporters.audio_exporter:process_chunk:47 - Gerando áudio (TTS): 84/120 blocos concluídos (70%)
2026-07-23 10:16:57 | INFO     | core.exporters.audio_exporter:process_chunk:47 - Gerando áudio (TTS): 85/120 blocos concluídos (70%)
2026-07-23 10:16:58 | INFO     | core.exporters.audio_exporter:process_chunk:47 - Gerando áudio (TTS): 86/120 blocos concluídos (71%)
2026-07-23 10:17:07 | INFO     | core.exporters.audio_exporter:process_chunk:47 - Gerando áudio (TTS): 87/120 blocos concluídos (72%)
2026-07-23 10:17:09 | INFO     | core.exporters.audio_exporter:process_chunk:47 - Gerando áudio (TTS): 88/120 blocos concluídos (73%)
2026-07-23 10:17:21 | INFO     | core.exporters.audio_exporter:process_chunk:47 - Gerando áudio (TTS): 89/120 blocos concluídos (74%)
2026-07-23 10:17:28 | INFO     | core.exporters.audio_exporter:process_chunk:47 - Gerando áudio (TTS): 90/120 blocos concluídos (75%)
2026-07-23 10:17:38 | INFO     | core.exporters.audio_exporter:process_chunk:47 - Gerando áudio (TTS): 91/120 blocos concluídos (75%)
2026-07-23 10:17:41 | INFO     | core.exporters.audio_exporter:process_chunk:47 - Gerando áudio (TTS): 92/120 blocos concluídos (76%)
2026-07-23 10:17:41 | INFO     | core.exporters.audio_exporter:process_chunk:47 - Gerando áudio (TTS): 93/120 blocos concluídos (77%)
2026-07-23 10:17:46 | INFO     | core.exporters.audio_exporter:process_chunk:47 - Gerando áudio (TTS): 94/120 blocos concluídos (78%)
2026-07-23 10:17:52 | INFO     | core.exporters.audio_exporter:process_chunk:47 - Gerando áudio (TTS): 95/120 blocos concluídos (79%)
2026-07-23 10:18:07 | INFO     | core.exporters.audio_exporter:process_chunk:47 - Gerando áudio (TTS): 96/120 blocos concluídos (80%)
2026-07-23 10:18:11 | INFO     | core.exporters.audio_exporter:process_chunk:47 - Gerando áudio (TTS): 97/120 blocos concluídos (80%)
2026-07-23 10:18:12 | INFO     | core.exporters.audio_exporter:process_chunk:47 - Gerando áudio (TTS): 98/120 blocos concluídos (81%)
2026-07-23 10:18:14 | INFO     | core.exporters.audio_exporter:process_chunk:47 - Gerando áudio (TTS): 99/120 blocos concluídos (82%)
2026-07-23 10:18:31 | INFO     | core.exporters.audio_exporter:process_chunk:47 - Gerando áudio (TTS): 100/120 blocos concluídos (83%)
2026-07-23 10:18:34 | INFO     | core.exporters.audio_exporter:process_chunk:47 - Gerando áudio (TTS): 101/120 blocos concluídos (84%)
2026-07-23 10:18:35 | INFO     | core.exporters.audio_exporter:process_chunk:47 - Gerando áudio (TTS): 102/120 blocos concluídos (85%)
2026-07-23 10:18:47 | INFO     | core.exporters.audio_exporter:process_chunk:47 - Gerando áudio (TTS): 103/120 blocos concluídos (85%)
2026-07-23 10:18:48 | INFO     | core.exporters.audio_exporter:process_chunk:47 - Gerando áudio (TTS): 104/120 blocos concluídos (86%)
2026-07-23 10:18:49 | INFO     | core.exporters.audio_exporter:process_chunk:47 - Gerando áudio (TTS): 105/120 blocos concluídos (87%)
2026-07-23 10:18:53 | INFO     | core.exporters.audio_exporter:process_chunk:47 - Gerando áudio (TTS): 106/120 blocos concluídos (88%)
2026-07-23 10:18:53 | INFO     | core.exporters.audio_exporter:process_chunk:47 - Gerando áudio (TTS): 107/120 blocos concluídos (89%)
2026-07-23 10:19:19 | INFO     | core.exporters.audio_exporter:process_chunk:47 - Gerando áudio (TTS): 108/120 blocos concluídos (90%)
2026-07-23 10:19:23 | INFO     | core.exporters.audio_exporter:process_chunk:47 - Gerando áudio (TTS): 109/120 blocos concluídos (90%)
2026-07-23 10:19:25 | INFO     | core.exporters.audio_exporter:process_chunk:47 - Gerando áudio (TTS): 110/120 blocos concluídos (91%)
2026-07-23 10:19:25 | INFO     | core.exporters.audio_exporter:process_chunk:47 - Gerando áudio (TTS): 111/120 blocos concluídos (92%)
2026-07-23 10:19:38 | INFO     | core.exporters.audio_exporter:process_chunk:47 - Gerando áudio (TTS): 112/120 blocos concluídos (93%)
2026-07-23 10:19:40 | INFO     | core.exporters.audio_exporter:process_chunk:47 - Gerando áudio (TTS): 113/120 blocos concluídos (94%)
2026-07-23 10:19:45 | INFO     | core.exporters.audio_exporter:process_chunk:47 - Gerando áudio (TTS): 114/120 blocos concluídos (95%)
2026-07-23 10:19:53 | INFO     | core.exporters.audio_exporter:process_chunk:47 - Gerando áudio (TTS): 115/120 blocos concluídos (95%)
2026-07-23 10:20:01 | INFO     | core.exporters.audio_exporter:process_chunk:47 - Gerando áudio (TTS): 116/120 blocos concluídos (96%)
2026-07-23 10:20:05 | INFO     | core.exporters.audio_exporter:process_chunk:47 - Gerando áudio (TTS): 117/120 blocos concluídos (97%)
2026-07-23 10:20:12 | INFO     | core.exporters.audio_exporter:process_chunk:47 - Gerando áudio (TTS): 118/120 blocos concluídos (98%)
2026-07-23 10:20:14 | INFO     | core.exporters.audio_exporter:process_chunk:47 - Gerando áudio (TTS): 119/120 blocos concluídos (99%)
2026-07-23 10:20:15 | INFO     | core.exporters.audio_exporter:process_chunk:47 - Gerando áudio (TTS): 120/120 blocos concluídos (100%)
2026-07-23 10:20:17 | INFO     | core.exporters.audio_exporter:export_mp3:67 - Áudio (MP3) granular exportado com sucesso: C:\Users\JHONATA\AppData\Local\Temp\a11y-devs-describer\temp\web_output\86a0ed0c344a47cebbd1c4c2620ed433\86a0ed0c344a47cebbd1c4c2620ed433.mp3
2026-07-23 10:20:20 | DEBUG    | core.services.download_token_service:criar_token:60 - Token de download criado: 20293987-333e-4062-9f70-671eca62f02f -> 86a0ed0c344a47cebbd1c4c2620ed433
2026-07-23 10:20:25 | INFO     | core.services.email_service:send_email_notification:41 - E-mail enviado para fjhonata14@gmail.com com sucesso.
2026-07-23 10:20:25 | INFO     | interfaces.web.app:run_pipeline_task:192 - Web Task concluída para fjhonata14@gmail.com. E-mail enviado.
2026-07-23 10:20:25 | INFO     | core.services.queue_service:_worker:67 - Worker: Tarefa concluída: Roberto_DaMatta_-_O_que_faz_o_brasil__Brasil.pdf. Aguardando próximo...
2026-07-23 10:28:41 | INFO     | interfaces.telegram.bot:on_shutdown:30 - Bot desligando
2026-07-23 10:28:41 | INFO     | __main__:<module>:115 - Bot interrompido pelo usuario
2026-07-23 10:28:41 | INFO     | __main__:release_lock:56 - Lock released
